CREATE DATABASE nomnomnow_db;
CREATE ALL USER 'webapp'@'%' IDENTIFIED BY 'bnD50!9OH2f';
GRANT ALL PRIVILEGES ON nomnomnow_db.* TO 'webapp'@'%';
FLUSH PRIVILEGES;

USE nomnomnow_db;


create table Customer (
	customer_id INT AUTO_INCREMENT PRIMARY KEY,
	first_name TEXT NOT NULL,
	last_name TEXT NOT NULL,
	email VARCHAR(50) UNIQUE NOT NULL,
	phone_number VARCHAR(12) UNIQUE NOT NULL,
	billing_street TEXT NOT NULL,
	billing_city TEXT NOT NULL,
	billing_zip VARCHAR(5) NOT NULL,
	billing_country TEXT NOT NULL,
	billing_state TEXT NOT NULL
);

insert into Customer (customer_id, first_name, last_name, email, phone_number, billing_street, billing_city, billing_zip, billing_country, billing_state) values (1, 'Ilaire', 'Tschirschky', 'itschirschky0@scribd.com', '617-455-3456', '832 John Wall Hill', 'Newton', '02162', 'United States', 'Massachusetts');
insert into Customer (customer_id, first_name, last_name, email, phone_number, billing_street, billing_city, billing_zip, billing_country, billing_state) values (2, 'Chico', 'Ioselev', 'cioselev1@flavors.me', '508-403-0224', '22 Parkside Terrace', 'New Bedford', '02745', 'United States', 'Massachusetts');
insert into Customer (customer_id, first_name, last_name, email, phone_number, billing_street, billing_city, billing_zip, billing_country, billing_state) values (3, 'Chalmers', 'Trigg', 'ctrigg2@usda.gov', '857-745-7956', '84 Larry Junction', 'Boston', '02208', 'United States', 'Massachusetts');
insert into Customer (customer_id, first_name, last_name, email, phone_number, billing_street, billing_city, billing_zip, billing_country, billing_state) values (4, 'Kristine', 'Vice', 'kvice3@mozilla.org', '339-681-9492', '4095 Southridge Hill', 'Springfield', '01114', 'United States', 'Massachusetts');
insert into Customer (customer_id, first_name, last_name, email, phone_number, billing_street, billing_city, billing_zip, billing_country, billing_state) values (5, 'Zelma', 'Caird', 'zcaird4@vkontakte.ru', '617-122-0038', '3 Westend Alley', 'Boston', '02216', 'United States', 'Massachusetts');
insert into Customer (customer_id, first_name, last_name, email, phone_number, billing_street, billing_city, billing_zip, billing_country, billing_state) values (6, 'Randolph', 'O''Cassidy', 'rocassidy5@cnbc.com', '617-965-0500', '8 Briar Crest Street', 'Newton', '02162', 'United States', 'Massachusetts');
insert into Customer (customer_id, first_name, last_name, email, phone_number, billing_street, billing_city, billing_zip, billing_country, billing_state) values (7, 'Dukey', 'Petrusch', 'dpetrusch6@1und1.de', '508-159-7994', '63043 Eagle Crest Terrace', 'Boston', '02114', 'United States', 'Massachusetts');
insert into Customer (customer_id, first_name, last_name, email, phone_number, billing_street, billing_city, billing_zip, billing_country, billing_state) values (8, 'Pieter', 'Parley', 'pparley7@furl.net', '617-426-9695', '86 5th Junction', 'Boston', '02203', 'United States', 'Massachusetts');
insert into Customer (customer_id, first_name, last_name, email, phone_number, billing_street, billing_city, billing_zip, billing_country, billing_state) values (9, 'Isis', 'Veldstra', 'iveldstra8@nyu.edu', '617-780-9831', '35958 Cascade Plaza', 'Springfield', '01114', 'United States', 'Massachusetts');
insert into Customer (customer_id, first_name, last_name, email, phone_number, billing_street, billing_city, billing_zip, billing_country, billing_state) values (10, 'Patrizius', 'Kloska', 'pkloska9@upenn.edu', '413-346-2605', '0657 Dahle Lane', 'Springfield', '01105', 'United States', 'Massachusetts');
insert into Customer (customer_id, first_name, last_name, email, phone_number, billing_street, billing_city, billing_zip, billing_country, billing_state) values (11, 'Almire', 'Bourton', 'abourtona@economist.com', '617-128-5965', '2 Canary Point', 'Boston', '02203', 'United States', 'Massachusetts');
insert into Customer (customer_id, first_name, last_name, email, phone_number, billing_street, billing_city, billing_zip, billing_country, billing_state) values (12, 'Evvie', 'Eckhard', 'eeckhardb@people.com.cn', '413-634-0440', '90 American Ash Street', 'Springfield', '01105', 'United States', 'Massachusetts');
insert into Customer (customer_id, first_name, last_name, email, phone_number, billing_street, billing_city, billing_zip, billing_country, billing_state) values (13, 'Evita', 'Toseland', 'etoselandc@mozilla.com', '617-520-8283', '8 Brown Way', 'Boston', '02283', 'United States', 'Massachusetts');
insert into Customer (customer_id, first_name, last_name, email, phone_number, billing_street, billing_city, billing_zip, billing_country, billing_state) values (14, 'Janel', 'Knapton', 'jknaptond@fc2.com', '617-399-4647', '22657 Bultman Lane', 'Boston', '02203', 'United States', 'Massachusetts');
insert into Customer (customer_id, first_name, last_name, email, phone_number, billing_street, billing_city, billing_zip, billing_country, billing_state) values (15, 'Gwenny', 'Fardon', 'gfardone@marriott.com', '617-321-1453', '96 New Castle Road', 'Boston', '02298', 'United States', 'Massachusetts');
insert into Customer (customer_id, first_name, last_name, email, phone_number, billing_street, billing_city, billing_zip, billing_country, billing_state) values (16, 'Dorrie', 'Dowty', 'ddowtyf@mozilla.org', '781-640-3056', '061 7th Crossing', 'Boston', '02208', 'United States', 'Massachusetts');
insert into Customer (customer_id, first_name, last_name, email, phone_number, billing_street, billing_city, billing_zip, billing_country, billing_state) values (17, 'Michelle', 'Dudman', 'mdudmang@google.ru', '617-230-4785', '6634 Hollow Ridge Court', 'Boston', '02203', 'United States', 'Massachusetts');
insert into Customer (customer_id, first_name, last_name, email, phone_number, billing_street, billing_city, billing_zip, billing_country, billing_state) values (18, 'Robbyn', 'Allinson', 'rallinsonh@edublogs.org', '857-983-3069', '0 Jackson Drive', 'Boston', '02114', 'United States', 'Massachusetts');
insert into Customer (customer_id, first_name, last_name, email, phone_number, billing_street, billing_city, billing_zip, billing_country, billing_state) values (19, 'Earlie', 'Zucker', 'ezuckeri@nbcnews.com', '339-798-1796', '61 Dorton Alley', 'Springfield', '01114', 'United States', 'Massachusetts');
insert into Customer (customer_id, first_name, last_name, email, phone_number, billing_street, billing_city, billing_zip, billing_country, billing_state) values (20, 'Charmine', 'Bashford', 'cbashfordj@csmonitor.com', '617-415-7044', '4757 Oriole Crossing', 'Boston', '02216', 'United States', 'Massachusetts');
insert into Customer (customer_id, first_name, last_name, email, phone_number, billing_street, billing_city, billing_zip, billing_country, billing_state) values (21, 'Jaine', 'Welsh', 'jwelshk@youku.com', '339-975-0432', '0625 Columbus Pass', 'Lynn', '01905', 'United States', 'Massachusetts');
insert into Customer (customer_id, first_name, last_name, email, phone_number, billing_street, billing_city, billing_zip, billing_country, billing_state) values (22, 'Rikki', 'Della Scala', 'rdellascalal@ycombinator.com', '339-881-2831', '20918 Jackson Center', 'Lynn', '01905', 'United States', 'Massachusetts');
insert into Customer (customer_id, first_name, last_name, email, phone_number, billing_street, billing_city, billing_zip, billing_country, billing_state) values (23, 'Marv', 'Tythe', 'mtythem@moonfruit.com', '617-482-1028', '62074 Comanche Street', 'Springfield', '01114', 'United States', 'Massachusetts');
insert into Customer (customer_id, first_name, last_name, email, phone_number, billing_street, billing_city, billing_zip, billing_country, billing_state) values (24, 'Gilberto', 'Lille', 'glillen@wp.com', '617-309-5803', '223 Bonner Trail', 'Boston', '02216', 'United States', 'Massachusetts');
insert into Customer (customer_id, first_name, last_name, email, phone_number, billing_street, billing_city, billing_zip, billing_country, billing_state) values (25, 'Vivianna', 'Korneluk', 'vkorneluko@nationalgeographic.com', '857-733-2157', '03875 Sachs Alley', 'Boston', '02114', 'United States', 'Massachusetts');
insert into Customer (customer_id, first_name, last_name, email, phone_number, billing_street, billing_city, billing_zip, billing_country, billing_state) values (26, 'Thornie', 'Cammoile', 'tcammoilep@techcrunch.com', '617-203-9895', '64 Prairieview Circle', 'Newton', '02162', 'United States', 'Massachusetts');
insert into Customer (customer_id, first_name, last_name, email, phone_number, billing_street, billing_city, billing_zip, billing_country, billing_state) values (27, 'Mohandas', 'Garton', 'mgartonq@elegantthemes.com', '617-712-9136', '9333 Lunder Trail', 'Newton', '02162', 'United States', 'Massachusetts');
insert into Customer (customer_id, first_name, last_name, email, phone_number, billing_street, billing_city, billing_zip, billing_country, billing_state) values (28, 'Sheri', 'Yakobovitz', 'syakobovitzr@amazon.de', '617-926-9085', '76689 Pennsylvania Trail', 'Newton', '02162', 'United States', 'Massachusetts');
insert into Customer (customer_id, first_name, last_name, email, phone_number, billing_street, billing_city, billing_zip, billing_country, billing_state) values (29, 'Esdras', 'Fardoe', 'efardoes@goo.gl', '413-628-3137', '80340 West Street', 'Springfield', '01129', 'United States', 'Massachusetts');
insert into Customer (customer_id, first_name, last_name, email, phone_number, billing_street, billing_city, billing_zip, billing_country, billing_state) values (30, 'Myranda', 'Booth', 'mbootht@utexas.edu', '617-422-4605', '2512 Burrows Pass', 'Newton', '02162', 'United States', 'Massachusetts');


create table DeliveryDriver (
	driver_id INT AUTO_INCREMENT PRIMARY KEY,
	first_name TEXT NOT NULL,
	last_name TEXT NOT NULL,
	phone_number VARCHAR(12) UNIQUE NOT NULL,
	delivery_range_in_miles INT NOT NULL,
	starting_hour INT NOT NULL,
	ending_hour INT NOT NULL,
	starting_date DATE NOT NULL,
	CHECK (0 <= starting_hour <= 24),
	CHECK (0 <= ending_hour <= 24)
);
insert into DeliveryDriver (driver_id, first_name, last_name, phone_number, delivery_range_in_miles, starting_hour, ending_hour, starting_date) values (1, 'Gino', 'Oland', '742-235-4896', 34, 16, 11, '2022-07-12');
insert into DeliveryDriver (driver_id, first_name, last_name, phone_number, delivery_range_in_miles, starting_hour, ending_hour, starting_date) values (2, 'Stacey', 'Apperley', '572-357-4665', 23, 13, 21, '2022-01-31');
insert into DeliveryDriver (driver_id, first_name, last_name, phone_number, delivery_range_in_miles, starting_hour, ending_hour, starting_date) values (3, 'Deane', 'Belsey', '722-751-9910', 26, 19, 6, '2022-08-29');
insert into DeliveryDriver (driver_id, first_name, last_name, phone_number, delivery_range_in_miles, starting_hour, ending_hour, starting_date) values (4, 'Liuka', 'Stronge', '446-690-3526', 15, 3, 4, '2022-04-03');
insert into DeliveryDriver (driver_id, first_name, last_name, phone_number, delivery_range_in_miles, starting_hour, ending_hour, starting_date) values (5, 'Annaliese', 'Godney', '835-833-4551', 43, 7, 14, '2022-08-12');
insert into DeliveryDriver (driver_id, first_name, last_name, phone_number, delivery_range_in_miles, starting_hour, ending_hour, starting_date) values (6, 'Muffin', 'Wooldridge', '581-752-2454', 1, 6, 17, '2021-12-24');
insert into DeliveryDriver (driver_id, first_name, last_name, phone_number, delivery_range_in_miles, starting_hour, ending_hour, starting_date) values (7, 'Elinor', 'Clyburn', '725-397-7710', 8, 19, 2, '2022-01-02');
insert into DeliveryDriver (driver_id, first_name, last_name, phone_number, delivery_range_in_miles, starting_hour, ending_hour, starting_date) values (8, 'Ganny', 'L''argent', '302-906-3977', 9, 5, 6, '2022-11-06');
insert into DeliveryDriver (driver_id, first_name, last_name, phone_number, delivery_range_in_miles, starting_hour, ending_hour, starting_date) values (9, 'Thia', 'McMenamin', '416-295-0961', 8, 1, 11, '2022-04-01');
insert into DeliveryDriver (driver_id, first_name, last_name, phone_number, delivery_range_in_miles, starting_hour, ending_hour, starting_date) values (10, 'Zorana', 'Barling', '650-715-7573', 37, 1, 19, '2022-02-03');
insert into DeliveryDriver (driver_id, first_name, last_name, phone_number, delivery_range_in_miles, starting_hour, ending_hour, starting_date) values (11, 'Coriss', 'Benwell', '504-452-9539', 20, 23, 23, '2022-10-13');
insert into DeliveryDriver (driver_id, first_name, last_name, phone_number, delivery_range_in_miles, starting_hour, ending_hour, starting_date) values (12, 'Leila', 'Prati', '940-362-3495', 42, 24, 20, '2022-05-17');
insert into DeliveryDriver (driver_id, first_name, last_name, phone_number, delivery_range_in_miles, starting_hour, ending_hour, starting_date) values (13, 'Coleman', 'Schiersch', '310-984-0999', 49, 23, 5, '2022-04-05');
insert into DeliveryDriver (driver_id, first_name, last_name, phone_number, delivery_range_in_miles, starting_hour, ending_hour, starting_date) values (14, 'Grayce', 'Bavin', '785-786-8079', 18, 23, 6, '2022-11-14');
insert into DeliveryDriver (driver_id, first_name, last_name, phone_number, delivery_range_in_miles, starting_hour, ending_hour, starting_date) values (15, 'Caresse', 'Lamblot', '733-770-3063', 30, 22, 18, '2022-05-15');
insert into DeliveryDriver (driver_id, first_name, last_name, phone_number, delivery_range_in_miles, starting_hour, ending_hour, starting_date) values (16, 'Letta', 'Alabone', '148-872-4044', 30, 9, 21, '2022-10-03');
insert into DeliveryDriver (driver_id, first_name, last_name, phone_number, delivery_range_in_miles, starting_hour, ending_hour, starting_date) values (17, 'Tessi', 'Clemanceau', '376-167-9007', 26, 10, 13, '2022-07-31');
insert into DeliveryDriver (driver_id, first_name, last_name, phone_number, delivery_range_in_miles, starting_hour, ending_hour, starting_date) values (18, 'Jennica', 'Winspeare', '865-635-1706', 37, 11, 1, '2022-07-23');
insert into DeliveryDriver (driver_id, first_name, last_name, phone_number, delivery_range_in_miles, starting_hour, ending_hour, starting_date) values (19, 'Doro', 'Maharey', '784-609-3251', 17, 8, 0, '2021-12-10');
insert into DeliveryDriver (driver_id, first_name, last_name, phone_number, delivery_range_in_miles, starting_hour, ending_hour, starting_date) values (20, 'Orsola', 'Lasseter', '950-436-8163', 6, 9, 8, '2022-03-07');
insert into DeliveryDriver (driver_id, first_name, last_name, phone_number, delivery_range_in_miles, starting_hour, ending_hour, starting_date) values (21, 'Gwenneth', 'Greggs', '202-510-3486', 20, 0, 5, '2022-06-01');
insert into DeliveryDriver (driver_id, first_name, last_name, phone_number, delivery_range_in_miles, starting_hour, ending_hour, starting_date) values (22, 'Cherianne', 'Upfold', '541-192-9126', 38, 14, 1, '2022-09-18');
insert into DeliveryDriver (driver_id, first_name, last_name, phone_number, delivery_range_in_miles, starting_hour, ending_hour, starting_date) values (23, 'Hamlin', 'Hadley', '831-418-0370', 15, 17, 20, '2022-10-02');
insert into DeliveryDriver (driver_id, first_name, last_name, phone_number, delivery_range_in_miles, starting_hour, ending_hour, starting_date) values (24, 'Agneta', 'Fane', '721-191-3248', 45, 12, 17, '2022-02-26');
insert into DeliveryDriver (driver_id, first_name, last_name, phone_number, delivery_range_in_miles, starting_hour, ending_hour, starting_date) values (25, 'Axel', 'Suarez', '746-367-1550', 8, 14, 6, '2022-03-07');
insert into DeliveryDriver (driver_id, first_name, last_name, phone_number, delivery_range_in_miles, starting_hour, ending_hour, starting_date) values (26, 'Edyth', 'Overington', '802-849-7555', 25, 19, 4, '2021-12-16');
insert into DeliveryDriver (driver_id, first_name, last_name, phone_number, delivery_range_in_miles, starting_hour, ending_hour, starting_date) values (27, 'Juliana', 'Hardwick', '599-520-0021', 6, 20, 7, '2022-06-10');
insert into DeliveryDriver (driver_id, first_name, last_name, phone_number, delivery_range_in_miles, starting_hour, ending_hour, starting_date) values (28, 'Cherice', 'Philipp', '214-797-8241', 14, 1, 4, '2022-02-08');
insert into DeliveryDriver (driver_id, first_name, last_name, phone_number, delivery_range_in_miles, starting_hour, ending_hour, starting_date) values (29, 'Wynny', 'Bahike', '189-111-0625', 32, 19, 15, '2021-11-23');
insert into DeliveryDriver (driver_id, first_name, last_name, phone_number, delivery_range_in_miles, starting_hour, ending_hour, starting_date) values (30, 'Audry', 'Boston', '120-384-0171', 18, 5, 6, '2022-06-12');


create table Restaurant (
	rest_id INT AUTO_INCREMENT PRIMARY KEY,
	rest_name VARCHAR(50) NOT NULL,
	country VARCHAR(50) NOT NULL,
	rest_state VARCHAR(50) NOT NULL,
	city VARCHAR(50) NOT NULL,
	street VARCHAR(50) NOT NULL,
	zip VARCHAR(5) NOT NULL,
	opening_hour INT NOT NULL,
	closing_hour INT NOT NULL,
	info VARCHAR(50) NOT NULL,
	CHECK (0 <= opening_hour <= 24),
	CHECK (0 <= closing_hour <= 24)
);
insert into Restaurant (rest_id, rest_name, country, rest_state, city, street, zip, opening_hour, closing_hour, info) values (1, 'Centizu', 'United States', 'Massachusetts', 'Boston', '7 Bay Hill', '02208', 13, 9, 'afbilpz ewdbja ddwtpv');
insert into Restaurant (rest_id, rest_name, country, rest_state, city, street, zip, opening_hour, closing_hour, info) values (2, 'Tagcat', 'United States', 'Massachusetts', 'New Bedford', '2 Nova Park', '02745', 16, 21, 'apeqxse xmiyrs yiiysb');
insert into Restaurant (rest_id, rest_name, country, rest_state, city, street, zip, opening_hour, closing_hour, info) values (3, 'Voomm', 'United States', 'Massachusetts', 'Boston', '70 Bay Avenue', '02298', 3, 19, 'jdmcqnn ckcghy dzzlko');
insert into Restaurant (rest_id, rest_name, country, rest_state, city, street, zip, opening_hour, closing_hour, info) values (4, 'Topicstorm', 'United States', 'Massachusetts', 'Boston', '90023 Luster Street', '02203', 6, 23, 'xsbhstk hulixt ngmase');
insert into Restaurant (rest_id, rest_name, country, rest_state, city, street, zip, opening_hour, closing_hour, info) values (5, 'Ainyx', 'United States', 'Massachusetts', 'New Bedford', '2432 Helena Avenue', '02745', 17, 19, 'nvtfrda cdrgjx uiremh');
insert into Restaurant (rest_id, rest_name, country, rest_state, city, street, zip, opening_hour, closing_hour, info) values (6, 'Youbridge', 'United States', 'Massachusetts', 'New Bedford', '4 Bartelt Point', '02745', 9, 11, 'ucfxaze qborrk twwxdg');
insert into Restaurant (rest_id, rest_name, country, rest_state, city, street, zip, opening_hour, closing_hour, info) values (7, 'Livepath', 'United States', 'Massachusetts', 'Boston', '57590 Mallard Crossing', '02216', 11, 14, 'yyeovbw cibcop qrzvka');
insert into Restaurant (rest_id, rest_name, country, rest_state, city, street, zip, opening_hour, closing_hour, info) values (8, 'Mydeo', 'United States', 'Massachusetts', 'Springfield', '7 Johnson Plaza', '01129', 24, 23, 'nrzpjjy uphpvw gylolx');
insert into Restaurant (rest_id, rest_name, country, rest_state, city, street, zip, opening_hour, closing_hour, info) values (9, 'Yakidoo', 'United States', 'Massachusetts', 'Boston', '4 Talmadge Avenue', '02283', 22, 16, 'tnjieme yssnpu pyfhwy');
insert into Restaurant (rest_id, rest_name, country, rest_state, city, street, zip, opening_hour, closing_hour, info) values (10, 'Thoughtblab', 'United States', 'Massachusetts', 'Boston', '750 Calypso Terrace', '02216', 15, 9, 'bujyxqg nkstxp lttvdm');
insert into Restaurant (rest_id, rest_name, country, rest_state, city, street, zip, opening_hour, closing_hour, info) values (11, 'Flipopia', 'United States', 'Massachusetts', 'Springfield', '76 Birchwood Street', '01105', 20, 2, 'gfhaoau ydyrog emzvrc');
insert into Restaurant (rest_id, rest_name, country, rest_state, city, street, zip, opening_hour, closing_hour, info) values (12, 'Devpoint', 'United States', 'Massachusetts', 'Boston', '64 American Plaza', '02216', 6, 24, 'fvlxuwy hwawyz npcpcf');
insert into Restaurant (rest_id, rest_name, country, rest_state, city, street, zip, opening_hour, closing_hour, info) values (13, 'Zoovu', 'United States', 'Massachusetts', 'Boston', '497 Veith Drive', '02298', 12, 18, 'puqpklz nwuakd wlmtgb');
insert into Restaurant (rest_id, rest_name, country, rest_state, city, street, zip, opening_hour, closing_hour, info) values (14, 'Agimba', 'United States', 'Massachusetts', 'Springfield', '9 Swallow Parkway', '01114', 8, 11, 'xpxmnbr ztmmld dobjjq');
insert into Restaurant (rest_id, rest_name, country, rest_state, city, street, zip, opening_hour, closing_hour, info) values (15, 'Livefish', 'United States', 'Massachusetts', 'Lynn', '87 Mccormick Junction', '01905', 1, 3, 'hxitgzb kkucol zutjcj');
insert into Restaurant (rest_id, rest_name, country, rest_state, city, street, zip, opening_hour, closing_hour, info) values (16, 'Edgeclub', 'United States', 'Massachusetts', 'Boston', '84 Sauthoff Street', '02298', 4, 3, 'fyvdeku pwyvdg xwmtgo');
insert into Restaurant (rest_id, rest_name, country, rest_state, city, street, zip, opening_hour, closing_hour, info) values (17, 'Quire', 'United States', 'Massachusetts', 'Newton', '8 Arizona Road', '02162', 7, 10, 'arblbxd ngxwgd hqyiro');
insert into Restaurant (rest_id, rest_name, country, rest_state, city, street, zip, opening_hour, closing_hour, info) values (18, 'Jaxspan', 'United States', 'Massachusetts', 'Lynn', '135 Lawn Alley', '01905', 15, 9, 'vryewuu idlvdk qwuvlq');
insert into Restaurant (rest_id, rest_name, country, rest_state, city, street, zip, opening_hour, closing_hour, info) values (19, 'Zoomcast', 'United States', 'Massachusetts', 'Springfield', '17618 Division Drive', '01129', 12, 13, 'jzproww wfmqed fdtvkb');
insert into Restaurant (rest_id, rest_name, country, rest_state, city, street, zip, opening_hour, closing_hour, info) values (20, 'Minyx', 'United States', 'Massachusetts', 'Newton', '560 Village Way', '02162', 13, 8, 'dbqlajh idtdnp fopasq');
insert into Restaurant (rest_id, rest_name, country, rest_state, city, street, zip, opening_hour, closing_hour, info) values (21, 'Thoughtworks', 'United States', 'Massachusetts', 'Boston', '97837 Maple Hill', '02203', 13, 17, 'dxrtemr xtapoj yieeil');
insert into Restaurant (rest_id, rest_name, country, rest_state, city, street, zip, opening_hour, closing_hour, info) values (22, 'Plambee', 'United States', 'Massachusetts', 'Lynn', '8908 Clyde Gallagher Hill', '01905', 23, 24, 'pvuusyb vzjmvx dbjvdq');
insert into Restaurant (rest_id, rest_name, country, rest_state, city, street, zip, opening_hour, closing_hour, info) values (23, 'Latz', 'United States', 'Massachusetts', 'Boston', '5 Ludington Way', '02203', 8, 1, 'jihvoeq kpqemo oclggf');
insert into Restaurant (rest_id, rest_name, country, rest_state, city, street, zip, opening_hour, closing_hour, info) values (24, 'Jetwire', 'United States', 'Massachusetts', 'Boston', '7 Village Green Court', '02283', 13, 0, 'kayhtxl bnlnnt ynuufm');
insert into Restaurant (rest_id, rest_name, country, rest_state, city, street, zip, opening_hour, closing_hour, info) values (25, 'Zoombeat', 'United States', 'Massachusetts', 'Lynn', '808 4th Court', '01905', 19, 4, 'digsubg vzisbn vbmzwg');
insert into Restaurant (rest_id, rest_name, country, rest_state, city, street, zip, opening_hour, closing_hour, info) values (26, 'Skyble', 'United States', 'Massachusetts', 'Lynn', '25801 Buena Vista Place', '01905', 13, 7, 'sqxhmdl viicvb psjqyn');
insert into Restaurant (rest_id, rest_name, country, rest_state, city, street, zip, opening_hour, closing_hour, info) values (27, 'Oyonder', 'United States', 'Massachusetts', 'Springfield', '0933 Farmco Terrace', '01129', 16, 15, 'nzveyna fgigmv rbwofx');
insert into Restaurant (rest_id, rest_name, country, rest_state, city, street, zip, opening_hour, closing_hour, info) values (28, 'Mydeo', 'United States', 'Massachusetts', 'Lynn', '66 Ludington Crossing', '01905', 6, 5, 'gldohca iblacd veuvqz');
insert into Restaurant (rest_id, rest_name, country, rest_state, city, street, zip, opening_hour, closing_hour, info) values (29, 'Jabbercube', 'United States', 'Massachusetts', 'Boston', '598 Superior Court', '02203', 3, 22, 'anffooe eqamcz cuikfc');
insert into Restaurant (rest_id, rest_name, country, rest_state, city, street, zip, opening_hour, closing_hour, info) values (30, 'Nlounge', 'United States', 'Massachusetts', 'Springfield', '827 Lukken Point', '01129', 22, 23, 'jogvumj cpneyh yyibki');
insert into Restaurant (rest_id, rest_name, country, rest_state, city, street, zip, opening_hour, closing_hour, info) values (31, 'Meevee', 'United States', 'Massachusetts', 'Boston', '02487 Mccormick Junction', '02283', 2, 16, 'ztmxlwx ljxyjc ntfsib');
insert into Restaurant (rest_id, rest_name, country, rest_state, city, street, zip, opening_hour, closing_hour, info) values (32, 'Feednation', 'United States', 'Massachusetts', 'Springfield', '50 Heath Way', '01105', 6, 5, 'sakwbsb uojomn mxbqcs');
insert into Restaurant (rest_id, rest_name, country, rest_state, city, street, zip, opening_hour, closing_hour, info) values (33, 'Divape', 'United States', 'Massachusetts', 'Boston', '3 Johnson Plaza', '02208', 2, 13, 'rytllht pzhtgz daxlvk');
insert into Restaurant (rest_id, rest_name, country, rest_state, city, street, zip, opening_hour, closing_hour, info) values (34, 'Trilith', 'United States', 'Massachusetts', 'Springfield', '5381 Towne Pass', '01105', 1, 19, 'kpdqspw kwphug adhgtg');
insert into Restaurant (rest_id, rest_name, country, rest_state, city, street, zip, opening_hour, closing_hour, info) values (35, 'Gabtype', 'United States', 'Massachusetts', 'Boston', '68 Lindbergh Lane', '02203', 9, 9, 'migbklx bricah fduhnl');
insert into Restaurant (rest_id, rest_name, country, rest_state, city, street, zip, opening_hour, closing_hour, info) values (36, 'Kwilith', 'United States', 'Massachusetts', 'Springfield', '2364 Montana Point', '01114', 16, 18, 'pxxmhrz rjbgjr ehfsaw');
insert into Restaurant (rest_id, rest_name, country, rest_state, city, street, zip, opening_hour, closing_hour, info) values (37, 'Twimbo', 'United States', 'Massachusetts', 'Springfield', '974 Graedel Hill', '01114', 18, 1, 'xnmmnuw fencmp flfqpk');
insert into Restaurant (rest_id, rest_name, country, rest_state, city, street, zip, opening_hour, closing_hour, info) values (38, 'Mycat', 'United States', 'Massachusetts', 'Boston', '807 Fuller Circle', '02208', 17, 20, 'bzdqddq myzbhi fjuwme');
insert into Restaurant (rest_id, rest_name, country, rest_state, city, street, zip, opening_hour, closing_hour, info) values (39, 'Yadel', 'United States', 'Massachusetts', 'Springfield', '7 Katie Crossing', '01105', 13, 4, 'trpltct ldpdfd yxreoa');
insert into Restaurant (rest_id, rest_name, country, rest_state, city, street, zip, opening_hour, closing_hour, info) values (40, 'Mynte', 'United States', 'Massachusetts', 'Boston', '1768 Hansons Plaza', '02208', 18, 4, 'lkwigyv uadhir uuuqtl');
insert into Restaurant (rest_id, rest_name, country, rest_state, city, street, zip, opening_hour, closing_hour, info) values (41, 'Jayo', 'United States', 'Massachusetts', 'Springfield', '3585 Swallow Circle', '01114', 22, 23, 'zxkkjqq tpyxpr cqymyz');
insert into Restaurant (rest_id, rest_name, country, rest_state, city, street, zip, opening_hour, closing_hour, info) values (42, 'Voonix', 'United States', 'Massachusetts', 'Springfield', '47 Gina Street', '01105', 24, 0, 'mwzigxb osywqh uiawrv');
insert into Restaurant (rest_id, rest_name, country, rest_state, city, street, zip, opening_hour, closing_hour, info) values (43, 'Roomm', 'United States', 'Massachusetts', 'Lynn', '22029 Dorton Plaza', '01905', 12, 23, 'iyuaasl vakoxa sejrky');
insert into Restaurant (rest_id, rest_name, country, rest_state, city, street, zip, opening_hour, closing_hour, info) values (44, 'Wikizz', 'United States', 'Massachusetts', 'Lynn', '470 Granby Point', '01905', 8, 20, 'psaphwh llpfji tlndkw');
insert into Restaurant (rest_id, rest_name, country, rest_state, city, street, zip, opening_hour, closing_hour, info) values (45, 'Babbleopia', 'United States', 'Massachusetts', 'Boston', '01 Manitowish Crossing', '02298', 18, 8, 'ykueuau pwztmp mvisvr');
insert into Restaurant (rest_id, rest_name, country, rest_state, city, street, zip, opening_hour, closing_hour, info) values (46, 'Yambee', 'United States', 'Massachusetts', 'Newton', '626 Mesta Terrace', '02162', 15, 23, 'coewrno btyoxk bqifxx');
insert into Restaurant (rest_id, rest_name, country, rest_state, city, street, zip, opening_hour, closing_hour, info) values (47, 'Meeveo', 'United States', 'Massachusetts', 'Boston', '8 3rd Alley', '02298', 23, 9, 'miscwwm cinxud ocixak');
insert into Restaurant (rest_id, rest_name, country, rest_state, city, street, zip, opening_hour, closing_hour, info) values (48, 'Realfire', 'United States', 'Massachusetts', 'Boston', '797 New Castle Circle', '02216', 5, 3, 'vkiscwg ukgcee eyqtmi');
insert into Restaurant (rest_id, rest_name, country, rest_state, city, street, zip, opening_hour, closing_hour, info) values (49, 'Tazz', 'United States', 'Massachusetts', 'Lynn', '745 Elmside Lane', '01905', 18, 21, 'wztcqvz xcsjnb hektte');
insert into Restaurant (rest_id, rest_name, country, rest_state, city, street, zip, opening_hour, closing_hour, info) values (50, 'Youspan', 'United States', 'Massachusetts', 'Springfield', '61239 Troy Terrace', '01105', 7, 5, 'qcsopvc bdfniu cgclrs');
insert into Restaurant (rest_id, rest_name, country, rest_state, city, street, zip, opening_hour, closing_hour, info) values (51, 'Zoomzone', 'United States', 'Massachusetts', 'New Bedford', '3931 Fieldstone Terrace', '02745', 7, 16, 'gmzxcod kasjsq wwqhpr');
insert into Restaurant (rest_id, rest_name, country, rest_state, city, street, zip, opening_hour, closing_hour, info) values (52, 'Youspan', 'United States', 'Massachusetts', 'Boston', '23 Jenna Pass', '02208', 21, 14, 'yulhhmb egjrvo wdybuc');
insert into Restaurant (rest_id, rest_name, country, rest_state, city, street, zip, opening_hour, closing_hour, info) values (53, 'Kwideo', 'United States', 'Massachusetts', 'New Bedford', '48596 Service Court', '02745', 6, 0, 'fxiqiom biarxm llltyu');
insert into Restaurant (rest_id, rest_name, country, rest_state, city, street, zip, opening_hour, closing_hour, info) values (54, 'Demivee', 'United States', 'Massachusetts', 'Newton', '817 Thierer Court', '02162', 9, 18, 'ytrcjbv jqmeee nuooil');
insert into Restaurant (rest_id, rest_name, country, rest_state, city, street, zip, opening_hour, closing_hour, info) values (55, 'Feedfire', 'United States', 'Massachusetts', 'Newton', '7982 Moland Road', '02162', 6, 12, 'ruycjtj jiiavv vlfdzf');
insert into Restaurant (rest_id, rest_name, country, rest_state, city, street, zip, opening_hour, closing_hour, info) values (56, 'Livetube', 'United States', 'Massachusetts', 'Newton', '2856 Esch Lane', '02162', 11, 13, 'vsimmls ulibpp vujxuk');
insert into Restaurant (rest_id, rest_name, country, rest_state, city, street, zip, opening_hour, closing_hour, info) values (57, 'Youopia', 'United States', 'Massachusetts', 'New Bedford', '5 Emmet Way', '02745', 2, 10, 'qkkvsss qxglzf foxuza');
insert into Restaurant (rest_id, rest_name, country, rest_state, city, street, zip, opening_hour, closing_hour, info) values (58, 'Riffwire', 'United States', 'Massachusetts', 'Lynn', '15 Lillian Park', '01905', 11, 17, 'qssfctf wnefpq nyospe');
insert into Restaurant (rest_id, rest_name, country, rest_state, city, street, zip, opening_hour, closing_hour, info) values (59, 'Lazzy', 'United States', 'Massachusetts', 'Boston', '25 Sauthoff Center', '02208', 1, 24, 'tlavfjq vyjdil gmocom');
insert into Restaurant (rest_id, rest_name, country, rest_state, city, street, zip, opening_hour, closing_hour, info) values (60, 'Realfire', 'United States', 'Massachusetts', 'Boston', '3004 South Lane', '02208', 23, 13, 'jljceci ickhfv lhtiez');

create table FoodOrder (
	order_id INT PRIMARY KEY,
	cust_id INT NOT NULL,
	driver_id INT NOT NULL,
	rest_id INT NOT NULL,
	food_total INT NOT NULL,
	delivery_fee INT NOT NULL,
	order_completed BOOLEAN NOT NULL,
	special_instructions VARCHAR(50) NOT NULL,
    FOREIGN KEY (cust_id) REFERENCES Customer(customer_id),
    FOREIGN KEY (driver_id) REFERENCES DeliveryDriver(driver_id),
    FOREIGN KEY (rest_id) REFERENCES Restaurant(rest_id)
);

insert into FoodOrder (order_id, cust_id, driver_id, rest_id, food_total, delivery_fee, order_completed, special_instructions) values (1, 22, 7, 38, 99, 95, true, 'bykifwa rloion udismt');
insert into FoodOrder (order_id, cust_id, driver_id, rest_id, food_total, delivery_fee, order_completed, special_instructions) values (2, 16, 4, 37, 83, 85, true, 'rvvokqh jwnnet zlfpea');
insert into FoodOrder (order_id, cust_id, driver_id, rest_id, food_total, delivery_fee, order_completed, special_instructions) values (3, 27, 5, 5, 62, 50, true, 'fwxdimw kznnbt gzjvbx');
insert into FoodOrder (order_id, cust_id, driver_id, rest_id, food_total, delivery_fee, order_completed, special_instructions) values (4, 14, 14, 51, 30, 29, true, 'ffzcquv zffmkq xugkqu');
insert into FoodOrder (order_id, cust_id, driver_id, rest_id, food_total, delivery_fee, order_completed, special_instructions) values (5, 20, 23, 39, 69, 42, true, 'ebqftii zaawpp orkmub');
insert into FoodOrder (order_id, cust_id, driver_id, rest_id, food_total, delivery_fee, order_completed, special_instructions) values (6, 29, 13, 37, 92, 40, true, 'nuzbdnd pitxts jdagkc');
insert into FoodOrder (order_id, cust_id, driver_id, rest_id, food_total, delivery_fee, order_completed, special_instructions) values (7, 12, 23, 57, 30, 56, false, 'qftzjto mqtyeq awjwss');
insert into FoodOrder (order_id, cust_id, driver_id, rest_id, food_total, delivery_fee, order_completed, special_instructions) values (8, 9, 30, 29, 99, 31, false, 'plznbbg iolekp emnnri');
insert into FoodOrder (order_id, cust_id, driver_id, rest_id, food_total, delivery_fee, order_completed, special_instructions) values (9, 4, 13, 29, 58, 45, true, 'nxarmhq olvlnq dlongx');
insert into FoodOrder (order_id, cust_id, driver_id, rest_id, food_total, delivery_fee, order_completed, special_instructions) values (10, 25, 15, 9, 69, 15, false, 'flpnowg xjfsll lmbigy');
insert into FoodOrder (order_id, cust_id, driver_id, rest_id, food_total, delivery_fee, order_completed, special_instructions) values (11, 6, 18, 45, 70, 55, true, 'qorhhvo vnzwyq oidjwg');
insert into FoodOrder (order_id, cust_id, driver_id, rest_id, food_total, delivery_fee, order_completed, special_instructions) values (12, 23, 28, 10, 46, 26, false, 'pimxsay jbpnss qlemne');
insert into FoodOrder (order_id, cust_id, driver_id, rest_id, food_total, delivery_fee, order_completed, special_instructions) values (13, 21, 1, 41, 100, 94, true, 'pusakql mmadnm rkbltb');
insert into FoodOrder (order_id, cust_id, driver_id, rest_id, food_total, delivery_fee, order_completed, special_instructions) values (14, 6, 6, 28, 72, 72, true, 'zqrcbkl kowxmc xrskwp');
insert into FoodOrder (order_id, cust_id, driver_id, rest_id, food_total, delivery_fee, order_completed, special_instructions) values (15, 13, 11, 36, 69, 11, false, 'vylbtbv ezspvw xjowjo');
insert into FoodOrder (order_id, cust_id, driver_id, rest_id, food_total, delivery_fee, order_completed, special_instructions) values (16, 21, 4, 35, 85, 97, true, 'vvhcgge fuxlrv toqjco');
insert into FoodOrder (order_id, cust_id, driver_id, rest_id, food_total, delivery_fee, order_completed, special_instructions) values (17, 10, 12, 24, 80, 34, true, 'heqvpso hnnzpn vsnkqg');
insert into FoodOrder (order_id, cust_id, driver_id, rest_id, food_total, delivery_fee, order_completed, special_instructions) values (18, 19, 4, 31, 82, 50, true, 'onlzlzy gjvbid ueqsag');
insert into FoodOrder (order_id, cust_id, driver_id, rest_id, food_total, delivery_fee, order_completed, special_instructions) values (19, 16, 13, 23, 39, 26, true, 'jgybvze wludkz fdvhxq');
insert into FoodOrder (order_id, cust_id, driver_id, rest_id, food_total, delivery_fee, order_completed, special_instructions) values (20, 26, 20, 21, 39, 50, false, 'vrannir ztbdws wtfpro');
insert into FoodOrder (order_id, cust_id, driver_id, rest_id, food_total, delivery_fee, order_completed, special_instructions) values (21, 30, 21, 43, 59, 12, false, 'ubioerl beqszw kourwo');
insert into FoodOrder (order_id, cust_id, driver_id, rest_id, food_total, delivery_fee, order_completed, special_instructions) values (22, 11, 4, 50, 67, 56, false, 'amuefyz nnrlxp ltqsem');
insert into FoodOrder (order_id, cust_id, driver_id, rest_id, food_total, delivery_fee, order_completed, special_instructions) values (23, 22, 30, 50, 5, 58, false, 'mgwbijs azlqbx rzuiqm');
insert into FoodOrder (order_id, cust_id, driver_id, rest_id, food_total, delivery_fee, order_completed, special_instructions) values (24, 8, 26, 35, 55, 42, false, 'mvcydjn sirtcp bbsaht');
insert into FoodOrder (order_id, cust_id, driver_id, rest_id, food_total, delivery_fee, order_completed, special_instructions) values (25, 1, 1, 27, 44, 15, true, 'pkeeque mqaxbd dwqits');
insert into FoodOrder (order_id, cust_id, driver_id, rest_id, food_total, delivery_fee, order_completed, special_instructions) values (26, 30, 20, 41, 53, 5, false, 'wpllqic ikbqqt qbseau');
insert into FoodOrder (order_id, cust_id, driver_id, rest_id, food_total, delivery_fee, order_completed, special_instructions) values (27, 5, 9, 22, 3, 54, false, 'svscais awdrei ctszsk');
insert into FoodOrder (order_id, cust_id, driver_id, rest_id, food_total, delivery_fee, order_completed, special_instructions) values (28, 24, 26, 37, 40, 96, true, 'fuiaefd mnovhj wbegpp');
insert into FoodOrder (order_id, cust_id, driver_id, rest_id, food_total, delivery_fee, order_completed, special_instructions) values (29, 20, 8, 41, 88, 7, false, 'hqufcqm ksssqk jfeubw');
insert into FoodOrder (order_id, cust_id, driver_id, rest_id, food_total, delivery_fee, order_completed, special_instructions) values (30, 17, 11, 42, 79, 87, true, 'jwnrgwc bkjekt cheyok');
insert into FoodOrder (order_id, cust_id, driver_id, rest_id, food_total, delivery_fee, order_completed, special_instructions) values (31, 13, 15, 44, 95, 41, true, 'mbsgokh eyfcfv dyheun');
insert into FoodOrder (order_id, cust_id, driver_id, rest_id, food_total, delivery_fee, order_completed, special_instructions) values (32, 25, 13, 25, 58, 36, true, 'xayokqz flpoun bfoxnh');
insert into FoodOrder (order_id, cust_id, driver_id, rest_id, food_total, delivery_fee, order_completed, special_instructions) values (33, 23, 3, 20, 54, 20, false, 'rgsslia brumvd smumpb');
insert into FoodOrder (order_id, cust_id, driver_id, rest_id, food_total, delivery_fee, order_completed, special_instructions) values (34, 21, 15, 18, 41, 17, false, 'axqsnts ncepuv ntqtmc');
insert into FoodOrder (order_id, cust_id, driver_id, rest_id, food_total, delivery_fee, order_completed, special_instructions) values (35, 28, 1, 26, 88, 54, false, 'mddumnt wzurpt tkduih');
insert into FoodOrder (order_id, cust_id, driver_id, rest_id, food_total, delivery_fee, order_completed, special_instructions) values (36, 29, 23, 38, 55, 40, false, 'xcuerii kdpxxa nnetkg');
insert into FoodOrder (order_id, cust_id, driver_id, rest_id, food_total, delivery_fee, order_completed, special_instructions) values (37, 17, 10, 49, 22, 22, false, 'gepdtkw ptnkup hmbhpe');
insert into FoodOrder (order_id, cust_id, driver_id, rest_id, food_total, delivery_fee, order_completed, special_instructions) values (38, 23, 14, 46, 21, 34, false, 'xeplrwe nzoevh eczzsk');
insert into FoodOrder (order_id, cust_id, driver_id, rest_id, food_total, delivery_fee, order_completed, special_instructions) values (39, 28, 15, 45, 21, 53, false, 'bqmwwcl nnsiqz uoxmjm');
insert into FoodOrder (order_id, cust_id, driver_id, rest_id, food_total, delivery_fee, order_completed, special_instructions) values (40, 25, 4, 56, 39, 54, false, 'cxduwwy amttif rxwlfj');
insert into FoodOrder (order_id, cust_id, driver_id, rest_id, food_total, delivery_fee, order_completed, special_instructions) values (41, 23, 22, 59, 40, 97, true, 'jhhfydz uklabd nlcmmg');
insert into FoodOrder (order_id, cust_id, driver_id, rest_id, food_total, delivery_fee, order_completed, special_instructions) values (42, 8, 18, 46, 64, 90, false, 'pdgqfen aqdwjo goznzr');
insert into FoodOrder (order_id, cust_id, driver_id, rest_id, food_total, delivery_fee, order_completed, special_instructions) values (43, 18, 10, 28, 15, 86, true, 'twlsrnl amdzwb lmwiyl');
insert into FoodOrder (order_id, cust_id, driver_id, rest_id, food_total, delivery_fee, order_completed, special_instructions) values (44, 28, 4, 7, 75, 19, false, 'vtdddlq bdvcze clzcre');
insert into FoodOrder (order_id, cust_id, driver_id, rest_id, food_total, delivery_fee, order_completed, special_instructions) values (45, 6, 1, 34, 84, 75, false, 'sloghbp grmocm kocqno');
insert into FoodOrder (order_id, cust_id, driver_id, rest_id, food_total, delivery_fee, order_completed, special_instructions) values (46, 21, 4, 54, 92, 89, true, 'zkbqscx txsltd lxisnf');
insert into FoodOrder (order_id, cust_id, driver_id, rest_id, food_total, delivery_fee, order_completed, special_instructions) values (47, 7, 22, 45, 68, 17, false, 'ctgdrfz stquee eplaaa');
insert into FoodOrder (order_id, cust_id, driver_id, rest_id, food_total, delivery_fee, order_completed, special_instructions) values (48, 20, 25, 1, 76, 75, false, 'dpduuma vtydpz uoxbsa');
insert into FoodOrder (order_id, cust_id, driver_id, rest_id, food_total, delivery_fee, order_completed, special_instructions) values (49, 28, 18, 19, 7, 47, true, 'evnovbg vcmixy ilbpns');
insert into FoodOrder (order_id, cust_id, driver_id, rest_id, food_total, delivery_fee, order_completed, special_instructions) values (50, 15, 11, 7, 19, 71, true, 'lnuewjn msvlql oijbuc');
insert into FoodOrder (order_id, cust_id, driver_id, rest_id, food_total, delivery_fee, order_completed, special_instructions) values (51, 6, 27, 56, 29, 45, false, 'lmytacd usvooh xpsefu');
insert into FoodOrder (order_id, cust_id, driver_id, rest_id, food_total, delivery_fee, order_completed, special_instructions) values (52, 13, 29, 26, 21, 43, false, 'kdmltdb wncjsn sealqy');
insert into FoodOrder (order_id, cust_id, driver_id, rest_id, food_total, delivery_fee, order_completed, special_instructions) values (53, 4, 28, 15, 74, 35, true, 'oyrzrbi fcbetf jhuliq');
insert into FoodOrder (order_id, cust_id, driver_id, rest_id, food_total, delivery_fee, order_completed, special_instructions) values (54, 11, 7, 39, 50, 85, true, 'oebagik uywwcm vonejz');
insert into FoodOrder (order_id, cust_id, driver_id, rest_id, food_total, delivery_fee, order_completed, special_instructions) values (55, 7, 23, 13, 64, 83, false, 'wbwrbsw wcmtbr jpxjef');
insert into FoodOrder (order_id, cust_id, driver_id, rest_id, food_total, delivery_fee, order_completed, special_instructions) values (56, 16, 2, 45, 66, 74, false, 'buqgawv ynmxdf enizcb');
insert into FoodOrder (order_id, cust_id, driver_id, rest_id, food_total, delivery_fee, order_completed, special_instructions) values (57, 6, 3, 49, 90, 7, false, 'eoedzng lcsslt nrconk');
insert into FoodOrder (order_id, cust_id, driver_id, rest_id, food_total, delivery_fee, order_completed, special_instructions) values (58, 14, 14, 13, 38, 73, false, 'wetncro evpxnm qmxxyx');
insert into FoodOrder (order_id, cust_id, driver_id, rest_id, food_total, delivery_fee, order_completed, special_instructions) values (59, 12, 13, 40, 89, 30, true, 'ztpgamd gpralx rreuoy');
insert into FoodOrder (order_id, cust_id, driver_id, rest_id, food_total, delivery_fee, order_completed, special_instructions) values (60, 9, 24, 59, 15, 47, true, 'ldpnfao woiowj xioxlh');
insert into FoodOrder (order_id, cust_id, driver_id, rest_id, food_total, delivery_fee, order_completed, special_instructions) values (61, 25, 1, 22, 31, 51, true, 'ntkapda bafqjp ledjnb');
insert into FoodOrder (order_id, cust_id, driver_id, rest_id, food_total, delivery_fee, order_completed, special_instructions) values (62, 12, 18, 54, 71, 70, false, 'rjklfcb vfulfi zdbgko');
insert into FoodOrder (order_id, cust_id, driver_id, rest_id, food_total, delivery_fee, order_completed, special_instructions) values (63, 20, 24, 57, 27, 20, false, 'thukmbz onqqmb xpyhpf');
insert into FoodOrder (order_id, cust_id, driver_id, rest_id, food_total, delivery_fee, order_completed, special_instructions) values (64, 29, 20, 57, 84, 67, true, 'dzfxxux wzultx lxdeya');
insert into FoodOrder (order_id, cust_id, driver_id, rest_id, food_total, delivery_fee, order_completed, special_instructions) values (65, 20, 2, 5, 47, 27, true, 'ltukjph bubtio udjzgb');
insert into FoodOrder (order_id, cust_id, driver_id, rest_id, food_total, delivery_fee, order_completed, special_instructions) values (66, 14, 3, 46, 49, 17, false, 'czxwmfe alhbnz dflqlh');
insert into FoodOrder (order_id, cust_id, driver_id, rest_id, food_total, delivery_fee, order_completed, special_instructions) values (67, 5, 10, 38, 80, 12, true, 'jhxzjzv foldmk xcbtoi');
insert into FoodOrder (order_id, cust_id, driver_id, rest_id, food_total, delivery_fee, order_completed, special_instructions) values (68, 1, 27, 60, 74, 31, true, 'bbrbgab paynvx cncsnv');
insert into FoodOrder (order_id, cust_id, driver_id, rest_id, food_total, delivery_fee, order_completed, special_instructions) values (69, 10, 15, 48, 85, 27, true, 'xxslwjx jqmilx vegawv');
insert into FoodOrder (order_id, cust_id, driver_id, rest_id, food_total, delivery_fee, order_completed, special_instructions) values (70, 3, 2, 58, 67, 67, false, 'udtkliv pugxte oucqvb');
insert into FoodOrder (order_id, cust_id, driver_id, rest_id, food_total, delivery_fee, order_completed, special_instructions) values (71, 14, 25, 27, 15, 78, true, 'hdbdcwh nfjoxh jibcrs');
insert into FoodOrder (order_id, cust_id, driver_id, rest_id, food_total, delivery_fee, order_completed, special_instructions) values (72, 14, 11, 45, 16, 64, true, 'mbmqaxm wlxxfj caaidm');
insert into FoodOrder (order_id, cust_id, driver_id, rest_id, food_total, delivery_fee, order_completed, special_instructions) values (73, 15, 1, 56, 80, 50, true, 'jslfwrm hjjtcr phfmwv');
insert into FoodOrder (order_id, cust_id, driver_id, rest_id, food_total, delivery_fee, order_completed, special_instructions) values (74, 6, 14, 15, 58, 44, false, 'kdtoucj cexhsa kspuqz');
insert into FoodOrder (order_id, cust_id, driver_id, rest_id, food_total, delivery_fee, order_completed, special_instructions) values (75, 19, 17, 29, 22, 89, true, 'nolzlam eofxve chdkzd');
insert into FoodOrder (order_id, cust_id, driver_id, rest_id, food_total, delivery_fee, order_completed, special_instructions) values (76, 11, 20, 12, 41, 17, true, 'zdwanzg sxauxp tfmnpi');
insert into FoodOrder (order_id, cust_id, driver_id, rest_id, food_total, delivery_fee, order_completed, special_instructions) values (77, 25, 16, 53, 35, 31, true, 'vansybp oibfkn ojwekl');
insert into FoodOrder (order_id, cust_id, driver_id, rest_id, food_total, delivery_fee, order_completed, special_instructions) values (78, 10, 19, 10, 80, 19, false, 'licaixo dtimjd yurihg');
insert into FoodOrder (order_id, cust_id, driver_id, rest_id, food_total, delivery_fee, order_completed, special_instructions) values (79, 21, 25, 23, 19, 48, false, 'szeyccq eoconu nmwyal');
insert into FoodOrder (order_id, cust_id, driver_id, rest_id, food_total, delivery_fee, order_completed, special_instructions) values (80, 2, 17, 24, 27, 47, false, 'eqpaujr wyoocs ltynel');
insert into FoodOrder (order_id, cust_id, driver_id, rest_id, food_total, delivery_fee, order_completed, special_instructions) values (81, 21, 25, 7, 19, 12, false, 'ymxoxjn qtksmt gwpvjf');
insert into FoodOrder (order_id, cust_id, driver_id, rest_id, food_total, delivery_fee, order_completed, special_instructions) values (82, 16, 6, 59, 95, 40, true, 'ogpnaio nfeeyf ijpuyg');
insert into FoodOrder (order_id, cust_id, driver_id, rest_id, food_total, delivery_fee, order_completed, special_instructions) values (83, 23, 17, 25, 58, 54, false, 'vpozrmr hpbnna uyufjp');
insert into FoodOrder (order_id, cust_id, driver_id, rest_id, food_total, delivery_fee, order_completed, special_instructions) values (84, 26, 25, 24, 7, 9, true, 'hfenvrr ehwxwg xdmvpj');
insert into FoodOrder (order_id, cust_id, driver_id, rest_id, food_total, delivery_fee, order_completed, special_instructions) values (85, 15, 3, 35, 100, 19, false, 'hewtdvc ecbhhn rkhhnk');
insert into FoodOrder (order_id, cust_id, driver_id, rest_id, food_total, delivery_fee, order_completed, special_instructions) values (86, 5, 5, 20, 52, 2, true, 'zxqhaxj tbzkfm fabewm');
insert into FoodOrder (order_id, cust_id, driver_id, rest_id, food_total, delivery_fee, order_completed, special_instructions) values (87, 26, 14, 8, 92, 15, true, 'sempgfh ejctqt bpnwjb');
insert into FoodOrder (order_id, cust_id, driver_id, rest_id, food_total, delivery_fee, order_completed, special_instructions) values (88, 27, 25, 39, 27, 9, false, 'aghyich hnqczo nfwsiz');
insert into FoodOrder (order_id, cust_id, driver_id, rest_id, food_total, delivery_fee, order_completed, special_instructions) values (89, 6, 20, 49, 82, 34, false, 'besdulq qlcoey eeuuvc');
insert into FoodOrder (order_id, cust_id, driver_id, rest_id, food_total, delivery_fee, order_completed, special_instructions) values (90, 2, 16, 31, 15, 41, true, 'eielrkm bmobsj iucriw');
insert into FoodOrder (order_id, cust_id, driver_id, rest_id, food_total, delivery_fee, order_completed, special_instructions) values (91, 19, 6, 60, 85, 64, true, 'jiuqaej asfctp ebewbi');
insert into FoodOrder (order_id, cust_id, driver_id, rest_id, food_total, delivery_fee, order_completed, special_instructions) values (92, 11, 7, 26, 81, 91, false, 'hwrnxlv zrteqg lejgvh');
insert into FoodOrder (order_id, cust_id, driver_id, rest_id, food_total, delivery_fee, order_completed, special_instructions) values (93, 26, 3, 33, 4, 85, true, 'smusxpv cfkpqn erwnuc');
insert into FoodOrder (order_id, cust_id, driver_id, rest_id, food_total, delivery_fee, order_completed, special_instructions) values (94, 30, 25, 51, 81, 38, false, 'dkxrnnj ujojqx brhfxl');
insert into FoodOrder (order_id, cust_id, driver_id, rest_id, food_total, delivery_fee, order_completed, special_instructions) values (95, 11, 8, 56, 22, 3, false, 'uebiuct pzsrxe mibsfl');
insert into FoodOrder (order_id, cust_id, driver_id, rest_id, food_total, delivery_fee, order_completed, special_instructions) values (96, 5, 30, 17, 79, 2, false, 'mwkkpvv wecjni kzpekr');
insert into FoodOrder (order_id, cust_id, driver_id, rest_id, food_total, delivery_fee, order_completed, special_instructions) values (97, 7, 10, 25, 31, 68, false, 'kkkvvax bkgndb xupvny');
insert into FoodOrder (order_id, cust_id, driver_id, rest_id, food_total, delivery_fee, order_completed, special_instructions) values (98, 10, 28, 8, 8, 2, true, 'suqjmfi giqceb qwnibf');
insert into FoodOrder (order_id, cust_id, driver_id, rest_id, food_total, delivery_fee, order_completed, special_instructions) values (99, 5, 12, 52, 86, 30, false, 'wutlckt uhmbyq vcynmk');
insert into FoodOrder (order_id, cust_id, driver_id, rest_id, food_total, delivery_fee, order_completed, special_instructions) values (100, 1, 13, 60, 68, 56, false, 'cxbzcmf abjsfu gpatgh');
insert into FoodOrder (order_id, cust_id, driver_id, rest_id, food_total, delivery_fee, order_completed, special_instructions) values (101, 20, 20, 48, 58, 19, true, 'eeemlxm mebjjc skazji');
insert into FoodOrder (order_id, cust_id, driver_id, rest_id, food_total, delivery_fee, order_completed, special_instructions) values (102, 5, 22, 50, 80, 3, false, 'knkxwau hrgmuq dfhppg');
insert into FoodOrder (order_id, cust_id, driver_id, rest_id, food_total, delivery_fee, order_completed, special_instructions) values (103, 15, 21, 60, 51, 14, false, 'rsabffn ygjren kpksau');
insert into FoodOrder (order_id, cust_id, driver_id, rest_id, food_total, delivery_fee, order_completed, special_instructions) values (104, 29, 10, 52, 48, 77, true, 'keeabmd cftrvh amfklv');
insert into FoodOrder (order_id, cust_id, driver_id, rest_id, food_total, delivery_fee, order_completed, special_instructions) values (105, 14, 21, 38, 20, 70, false, 'tpeciah fmcbfw qndnyc');
insert into FoodOrder (order_id, cust_id, driver_id, rest_id, food_total, delivery_fee, order_completed, special_instructions) values (106, 28, 24, 7, 60, 63, true, 'lhljbxl qkcuwz uoxcni');
insert into FoodOrder (order_id, cust_id, driver_id, rest_id, food_total, delivery_fee, order_completed, special_instructions) values (107, 12, 22, 31, 21, 88, true, 'yogeqwd dzxcpd okqkta');
insert into FoodOrder (order_id, cust_id, driver_id, rest_id, food_total, delivery_fee, order_completed, special_instructions) values (108, 25, 7, 50, 51, 45, false, 'ppiusil twlcwu ljqagt');
insert into FoodOrder (order_id, cust_id, driver_id, rest_id, food_total, delivery_fee, order_completed, special_instructions) values (109, 16, 11, 15, 8, 31, true, 'vmdbxxj gqqovl vmeyqg');
insert into FoodOrder (order_id, cust_id, driver_id, rest_id, food_total, delivery_fee, order_completed, special_instructions) values (110, 16, 18, 9, 48, 46, true, 'wywtbux qgvqwm exnlcb');
insert into FoodOrder (order_id, cust_id, driver_id, rest_id, food_total, delivery_fee, order_completed, special_instructions) values (111, 28, 30, 16, 46, 50, false, 'bervhzu bxcjyf zvnuic');
insert into FoodOrder (order_id, cust_id, driver_id, rest_id, food_total, delivery_fee, order_completed, special_instructions) values (112, 16, 9, 31, 98, 21, false, 'aufrxck ghggpi krerka');
insert into FoodOrder (order_id, cust_id, driver_id, rest_id, food_total, delivery_fee, order_completed, special_instructions) values (113, 3, 19, 5, 100, 86, true, 'ptqqlee tgjfrp zazhmi');
insert into FoodOrder (order_id, cust_id, driver_id, rest_id, food_total, delivery_fee, order_completed, special_instructions) values (114, 27, 16, 57, 57, 62, true, 'frpofvq kjzalv ckggmm');
insert into FoodOrder (order_id, cust_id, driver_id, rest_id, food_total, delivery_fee, order_completed, special_instructions) values (115, 14, 4, 27, 99, 73, false, 'jeihugn bqjzzb qwhfuz');
insert into FoodOrder (order_id, cust_id, driver_id, rest_id, food_total, delivery_fee, order_completed, special_instructions) values (116, 9, 11, 25, 42, 38, true, 'jlyadbe fckoiz ifaegn');
insert into FoodOrder (order_id, cust_id, driver_id, rest_id, food_total, delivery_fee, order_completed, special_instructions) values (117, 21, 16, 23, 54, 86, false, 'hehcsdi jekbmj ajfqfk');
insert into FoodOrder (order_id, cust_id, driver_id, rest_id, food_total, delivery_fee, order_completed, special_instructions) values (118, 3, 20, 58, 12, 21, false, 'lvrhrfm mzpisj amvcsr');
insert into FoodOrder (order_id, cust_id, driver_id, rest_id, food_total, delivery_fee, order_completed, special_instructions) values (119, 3, 22, 20, 35, 2, false, 'dgjvctw lplpfn qsvwyu');
insert into FoodOrder (order_id, cust_id, driver_id, rest_id, food_total, delivery_fee, order_completed, special_instructions) values (120, 11, 15, 28, 18, 6, true, 'eplkhjn lfhxei egbogy');
insert into FoodOrder (order_id, cust_id, driver_id, rest_id, food_total, delivery_fee, order_completed, special_instructions) values (121, 10, 27, 52, 83, 96, true, 'xlksxeh yzsrzh affeyu');
insert into FoodOrder (order_id, cust_id, driver_id, rest_id, food_total, delivery_fee, order_completed, special_instructions) values (122, 30, 13, 31, 31, 4, false, 'yqxwzci mgtjkt mzaqdl');
insert into FoodOrder (order_id, cust_id, driver_id, rest_id, food_total, delivery_fee, order_completed, special_instructions) values (123, 25, 29, 49, 4, 67, false, 'zajnqib kbznbb gvjdfc');
insert into FoodOrder (order_id, cust_id, driver_id, rest_id, food_total, delivery_fee, order_completed, special_instructions) values (124, 26, 23, 29, 15, 47, false, 'rxxjywb yfijni gjhmlh');
insert into FoodOrder (order_id, cust_id, driver_id, rest_id, food_total, delivery_fee, order_completed, special_instructions) values (125, 23, 13, 21, 88, 87, true, 'geppaew vemtpq quctww');
insert into FoodOrder (order_id, cust_id, driver_id, rest_id, food_total, delivery_fee, order_completed, special_instructions) values (126, 7, 25, 32, 34, 24, false, 'ifaqowb ufkztc zuneiq');
insert into FoodOrder (order_id, cust_id, driver_id, rest_id, food_total, delivery_fee, order_completed, special_instructions) values (127, 25, 28, 5, 69, 62, false, 'uzyelky jqoxoz ukevrg');
insert into FoodOrder (order_id, cust_id, driver_id, rest_id, food_total, delivery_fee, order_completed, special_instructions) values (128, 27, 26, 28, 31, 8, false, 'ocshjcp aycqhe essruq');
insert into FoodOrder (order_id, cust_id, driver_id, rest_id, food_total, delivery_fee, order_completed, special_instructions) values (129, 17, 19, 52, 28, 2, true, 'byrohzq drlesx tpgzcv');
insert into FoodOrder (order_id, cust_id, driver_id, rest_id, food_total, delivery_fee, order_completed, special_instructions) values (130, 16, 24, 48, 17, 76, true, 'vvnhhtg shbeoo pairni');
insert into FoodOrder (order_id, cust_id, driver_id, rest_id, food_total, delivery_fee, order_completed, special_instructions) values (131, 22, 30, 53, 90, 58, true, 'guaonad odrffg soeqna');
insert into FoodOrder (order_id, cust_id, driver_id, rest_id, food_total, delivery_fee, order_completed, special_instructions) values (132, 2, 10, 9, 9, 80, false, 'itotxjd dqdngc ilqzmw');
insert into FoodOrder (order_id, cust_id, driver_id, rest_id, food_total, delivery_fee, order_completed, special_instructions) values (133, 5, 27, 3, 26, 98, false, 'kkxccqt qhdrcs hhivww');
insert into FoodOrder (order_id, cust_id, driver_id, rest_id, food_total, delivery_fee, order_completed, special_instructions) values (134, 21, 11, 38, 43, 2, false, 'rwqfbco lplldp burzzt');
insert into FoodOrder (order_id, cust_id, driver_id, rest_id, food_total, delivery_fee, order_completed, special_instructions) values (135, 9, 6, 23, 93, 34, false, 'snsrbnb ddmxbz itofgh');
insert into FoodOrder (order_id, cust_id, driver_id, rest_id, food_total, delivery_fee, order_completed, special_instructions) values (136, 12, 7, 6, 79, 76, false, 'uyqhieq ajskrr lbdpzw');
insert into FoodOrder (order_id, cust_id, driver_id, rest_id, food_total, delivery_fee, order_completed, special_instructions) values (137, 18, 30, 28, 92, 22, false, 'bwhebqf ateqdm iijdhn');
insert into FoodOrder (order_id, cust_id, driver_id, rest_id, food_total, delivery_fee, order_completed, special_instructions) values (138, 22, 14, 51, 40, 10, false, 'asqndgu vilfnr lcnjvm');
insert into FoodOrder (order_id, cust_id, driver_id, rest_id, food_total, delivery_fee, order_completed, special_instructions) values (139, 1, 8, 46, 98, 71, true, 'ddccvly ixdnpm iyorym');
insert into FoodOrder (order_id, cust_id, driver_id, rest_id, food_total, delivery_fee, order_completed, special_instructions) values (140, 28, 25, 47, 100, 93, false, 'gullett brwima zftgfa');
insert into FoodOrder (order_id, cust_id, driver_id, rest_id, food_total, delivery_fee, order_completed, special_instructions) values (141, 18, 1, 20, 14, 74, true, 'ngatybb vgqkhi trslhm');
insert into FoodOrder (order_id, cust_id, driver_id, rest_id, food_total, delivery_fee, order_completed, special_instructions) values (142, 6, 5, 25, 47, 34, true, 'fmtgfib gmtodc twqbix');
insert into FoodOrder (order_id, cust_id, driver_id, rest_id, food_total, delivery_fee, order_completed, special_instructions) values (143, 7, 2, 7, 16, 43, true, 'ngyjugn vmfefk zsfgdl');
insert into FoodOrder (order_id, cust_id, driver_id, rest_id, food_total, delivery_fee, order_completed, special_instructions) values (144, 2, 17, 51, 59, 87, true, 'mwxxwqr hlzcbi wfhthb');
insert into FoodOrder (order_id, cust_id, driver_id, rest_id, food_total, delivery_fee, order_completed, special_instructions) values (145, 8, 27, 58, 76, 76, false, 'ivcqyza barjqf bvtagv');
insert into FoodOrder (order_id, cust_id, driver_id, rest_id, food_total, delivery_fee, order_completed, special_instructions) values (146, 9, 5, 57, 52, 5, false, 'jahddhm ywnwkd npftwx');
insert into FoodOrder (order_id, cust_id, driver_id, rest_id, food_total, delivery_fee, order_completed, special_instructions) values (147, 3, 20, 34, 28, 76, false, 'cxlwblp cldfvz kwfuni');
insert into FoodOrder (order_id, cust_id, driver_id, rest_id, food_total, delivery_fee, order_completed, special_instructions) values (148, 23, 10, 55, 58, 90, false, 'qpmdjrt svtseq tutujh');
insert into FoodOrder (order_id, cust_id, driver_id, rest_id, food_total, delivery_fee, order_completed, special_instructions) values (149, 16, 6, 58, 86, 41, false, 'tmxleqo tswgnc yjxlos');
insert into FoodOrder (order_id, cust_id, driver_id, rest_id, food_total, delivery_fee, order_completed, special_instructions) values (150, 21, 27, 14, 41, 89, false, 'chafljn yfasik oxjxds');


create table CustomerDriver (
	driver_id INT NOT NULL,
	customer_id INT NOT NULL,
	order_id INT NOT NULL,
	delivery_zip VARCHAR(5) NOT NULL,
	delivery_city TEXT NOT NULL,
	delivery_street TEXT NOT NULL,
	delivery_state TEXT NOT NULL,
	delivery_country TEXT NOT NULL,
	order_delivered TEXT NOT NULL,
	FOREIGN KEY (driver_id) REFERENCES DeliveryDriver(driver_id),
	FOREIGN KEY (customer_id) REFERENCES Customer(customer_id),
	FOREIGN KEY (order_id) REFERENCES FoodOrder(order_id)
);

insert into CustomerDriver (driver_id, customer_id, order_id, delivery_zip, delivery_city, delivery_street, delivery_state, delivery_country, order_delivered) values (30, 21, 1, '02216', 'Boston', '216 Gateway Point', 'Massachusetts', 'United States', false);
insert into CustomerDriver (driver_id, customer_id, order_id, delivery_zip, delivery_city, delivery_street, delivery_state, delivery_country, order_delivered) values (23, 30, 2, '02216', 'Boston', '180 Clyde Gallagher Alley', 'Massachusetts', 'United States', false);
insert into CustomerDriver (driver_id, customer_id, order_id, delivery_zip, delivery_city, delivery_street, delivery_state, delivery_country, order_delivered) values (8, 2, 3, '02114', 'Boston', '9 Sunbrook Court', 'Massachusetts', 'United States', true);
insert into CustomerDriver (driver_id, customer_id, order_id, delivery_zip, delivery_city, delivery_street, delivery_state, delivery_country, order_delivered) values (26, 25, 4, '02114', 'Boston', '15005 Westridge Alley', 'Massachusetts', 'United States', true);
insert into CustomerDriver (driver_id, customer_id, order_id, delivery_zip, delivery_city, delivery_street, delivery_state, delivery_country, order_delivered) values (15, 8, 5, '02283', 'Boston', '57262 Fieldstone Crossing', 'Massachusetts', 'United States', false);
insert into CustomerDriver (driver_id, customer_id, order_id, delivery_zip, delivery_city, delivery_street, delivery_state, delivery_country, order_delivered) values (26, 8, 6, '02283', 'Boston', '04 Shelley Alley', 'Massachusetts', 'United States', false);
insert into CustomerDriver (driver_id, customer_id, order_id, delivery_zip, delivery_city, delivery_street, delivery_state, delivery_country, order_delivered) values (18, 5, 7, '02162', 'Newton', '4959 Derek Terrace', 'Massachusetts', 'United States', false);
insert into CustomerDriver (driver_id, customer_id, order_id, delivery_zip, delivery_city, delivery_street, delivery_state, delivery_country, order_delivered) values (22, 26, 8, '02162', 'Newton', '524 David Way', 'Massachusetts', 'United States', false);
insert into CustomerDriver (driver_id, customer_id, order_id, delivery_zip, delivery_city, delivery_street, delivery_state, delivery_country, order_delivered) values (22, 14, 9, '02745', 'New Bedford', '031 Arizona Terrace', 'Massachusetts', 'United States', false);
insert into CustomerDriver (driver_id, customer_id, order_id, delivery_zip, delivery_city, delivery_street, delivery_state, delivery_country, order_delivered) values (19, 19, 10, '01905', 'Lynn', '85 Pond Junction', 'Massachusetts', 'United States', false);
insert into CustomerDriver (driver_id, customer_id, order_id, delivery_zip, delivery_city, delivery_street, delivery_state, delivery_country, order_delivered) values (10, 5, 11, '01129', 'Springfield', '58 Tomscot Trail', 'Massachusetts', 'United States', true);
insert into CustomerDriver (driver_id, customer_id, order_id, delivery_zip, delivery_city, delivery_street, delivery_state, delivery_country, order_delivered) values (19, 29, 12, '02745', 'New Bedford', '4 Holmberg Crossing', 'Massachusetts', 'United States', true);
insert into CustomerDriver (driver_id, customer_id, order_id, delivery_zip, delivery_city, delivery_street, delivery_state, delivery_country, order_delivered) values (8, 5, 13, '02208', 'Boston', '56903 Londonderry Court', 'Massachusetts', 'United States', false);
insert into CustomerDriver (driver_id, customer_id, order_id, delivery_zip, delivery_city, delivery_street, delivery_state, delivery_country, order_delivered) values (25, 17, 14, '01905', 'Lynn', '45 Laurel Drive', 'Massachusetts', 'United States', true);
insert into CustomerDriver (driver_id, customer_id, order_id, delivery_zip, delivery_city, delivery_street, delivery_state, delivery_country, order_delivered) values (25, 21, 15, '02745', 'New Bedford', '2 Forest Run Circle', 'Massachusetts', 'United States', false);
insert into CustomerDriver (driver_id, customer_id, order_id, delivery_zip, delivery_city, delivery_street, delivery_state, delivery_country, order_delivered) values (19, 4, 16, '02114', 'Boston', '51 Mosinee Pass', 'Massachusetts', 'United States', true);
insert into CustomerDriver (driver_id, customer_id, order_id, delivery_zip, delivery_city, delivery_street, delivery_state, delivery_country, order_delivered) values (6, 16, 17, '02745', 'New Bedford', '72 Nancy Hill', 'Massachusetts', 'United States', true);
insert into CustomerDriver (driver_id, customer_id, order_id, delivery_zip, delivery_city, delivery_street, delivery_state, delivery_country, order_delivered) values (28, 2, 18, '02114', 'Boston', '65 Forest Run Plaza', 'Massachusetts', 'United States', true);
insert into CustomerDriver (driver_id, customer_id, order_id, delivery_zip, delivery_city, delivery_street, delivery_state, delivery_country, order_delivered) values (15, 2, 19, '02745', 'New Bedford', '40274 John Wall Lane', 'Massachusetts', 'United States', true);
insert into CustomerDriver (driver_id, customer_id, order_id, delivery_zip, delivery_city, delivery_street, delivery_state, delivery_country, order_delivered) values (17, 29, 20, '02114', 'Boston', '21 Maryland Road', 'Massachusetts', 'United States', false);
insert into CustomerDriver (driver_id, customer_id, order_id, delivery_zip, delivery_city, delivery_street, delivery_state, delivery_country, order_delivered) values (27, 16, 21, '02114', 'Boston', '2 East Terrace', 'Massachusetts', 'United States', true);
insert into CustomerDriver (driver_id, customer_id, order_id, delivery_zip, delivery_city, delivery_street, delivery_state, delivery_country, order_delivered) values (2, 2, 22, '02216', 'Boston', '989 Butterfield Way', 'Massachusetts', 'United States', true);
insert into CustomerDriver (driver_id, customer_id, order_id, delivery_zip, delivery_city, delivery_street, delivery_state, delivery_country, order_delivered) values (30, 4, 23, '01114', 'Springfield', '15020 Spaight Avenue', 'Massachusetts', 'United States', false);
insert into CustomerDriver (driver_id, customer_id, order_id, delivery_zip, delivery_city, delivery_street, delivery_state, delivery_country, order_delivered) values (28, 18, 24, '02298', 'Boston', '5 Gerald Drive', 'Massachusetts', 'United States', true);
insert into CustomerDriver (driver_id, customer_id, order_id, delivery_zip, delivery_city, delivery_street, delivery_state, delivery_country, order_delivered) values (4, 19, 25, '02745', 'New Bedford', '951 Forest Dale Alley', 'Massachusetts', 'United States', false);
insert into CustomerDriver (driver_id, customer_id, order_id, delivery_zip, delivery_city, delivery_street, delivery_state, delivery_country, order_delivered) values (14, 5, 26, '02203', 'Boston', '992 Mcbride Pass', 'Massachusetts', 'United States', true);
insert into CustomerDriver (driver_id, customer_id, order_id, delivery_zip, delivery_city, delivery_street, delivery_state, delivery_country, order_delivered) values (21, 12, 27, '02208', 'Boston', '11999 Fuller Junction', 'Massachusetts', 'United States', true);
insert into CustomerDriver (driver_id, customer_id, order_id, delivery_zip, delivery_city, delivery_street, delivery_state, delivery_country, order_delivered) values (8, 10, 28, '02208', 'Boston', '566 Buhler Lane', 'Massachusetts', 'United States', false);
insert into CustomerDriver (driver_id, customer_id, order_id, delivery_zip, delivery_city, delivery_street, delivery_state, delivery_country, order_delivered) values (11, 1, 29, '02208', 'Boston', '1552 Morrow Place', 'Massachusetts', 'United States', false);
insert into CustomerDriver (driver_id, customer_id, order_id, delivery_zip, delivery_city, delivery_street, delivery_state, delivery_country, order_delivered) values (1, 23, 30, '02203', 'Boston', '1534 Briar Crest Circle', 'Massachusetts', 'United States', true);
insert into CustomerDriver (driver_id, customer_id, order_id, delivery_zip, delivery_city, delivery_street, delivery_state, delivery_country, order_delivered) values (3, 23, 31, '02216', 'Boston', '20292 Blackbird Point', 'Massachusetts', 'United States', true);
insert into CustomerDriver (driver_id, customer_id, order_id, delivery_zip, delivery_city, delivery_street, delivery_state, delivery_country, order_delivered) values (23, 29, 32, '02298', 'Boston', '936 Dunning Street', 'Massachusetts', 'United States', false);
insert into CustomerDriver (driver_id, customer_id, order_id, delivery_zip, delivery_city, delivery_street, delivery_state, delivery_country, order_delivered) values (14, 3, 33, '02203', 'Boston', '636 Di Loreto Hill', 'Massachusetts', 'United States', true);
insert into CustomerDriver (driver_id, customer_id, order_id, delivery_zip, delivery_city, delivery_street, delivery_state, delivery_country, order_delivered) values (19, 20, 34, '02745', 'New Bedford', '38 Killdeer Place', 'Massachusetts', 'United States', true);
insert into CustomerDriver (driver_id, customer_id, order_id, delivery_zip, delivery_city, delivery_street, delivery_state, delivery_country, order_delivered) values (6, 24, 35, '02283', 'Boston', '4 Michigan Alley', 'Massachusetts', 'United States', false);
insert into CustomerDriver (driver_id, customer_id, order_id, delivery_zip, delivery_city, delivery_street, delivery_state, delivery_country, order_delivered) values (6, 9, 36, '02216', 'Boston', '6 Anderson Parkway', 'Massachusetts', 'United States', true);
insert into CustomerDriver (driver_id, customer_id, order_id, delivery_zip, delivery_city, delivery_street, delivery_state, delivery_country, order_delivered) values (23, 1, 37, '01105', 'Springfield', '1189 Homewood Drive', 'Massachusetts', 'United States', true);
insert into CustomerDriver (driver_id, customer_id, order_id, delivery_zip, delivery_city, delivery_street, delivery_state, delivery_country, order_delivered) values (28, 30, 38, '01114', 'Springfield', '67 Sunfield Point', 'Massachusetts', 'United States', false);
insert into CustomerDriver (driver_id, customer_id, order_id, delivery_zip, delivery_city, delivery_street, delivery_state, delivery_country, order_delivered) values (20, 28, 39, '02208', 'Boston', '44 Delaware Pass', 'Massachusetts', 'United States', false);
insert into CustomerDriver (driver_id, customer_id, order_id, delivery_zip, delivery_city, delivery_street, delivery_state, delivery_country, order_delivered) values (5, 27, 40, '01129', 'Springfield', '82958 Goodland Parkway', 'Massachusetts', 'United States', true);
insert into CustomerDriver (driver_id, customer_id, order_id, delivery_zip, delivery_city, delivery_street, delivery_state, delivery_country, order_delivered) values (20, 18, 41, '01129', 'Springfield', '14672 Briar Crest Center', 'Massachusetts', 'United States', true);
insert into CustomerDriver (driver_id, customer_id, order_id, delivery_zip, delivery_city, delivery_street, delivery_state, delivery_country, order_delivered) values (13, 28, 42, '01129', 'Springfield', '74 Clyde Gallagher Lane', 'Massachusetts', 'United States', false);
insert into CustomerDriver (driver_id, customer_id, order_id, delivery_zip, delivery_city, delivery_street, delivery_state, delivery_country, order_delivered) values (29, 2, 43, '02298', 'Boston', '3 Larry Hill', 'Massachusetts', 'United States', false);
insert into CustomerDriver (driver_id, customer_id, order_id, delivery_zip, delivery_city, delivery_street, delivery_state, delivery_country, order_delivered) values (17, 11, 44, '02162', 'Newton', '31685 Lake View Court', 'Massachusetts', 'United States', false);
insert into CustomerDriver (driver_id, customer_id, order_id, delivery_zip, delivery_city, delivery_street, delivery_state, delivery_country, order_delivered) values (21, 10, 45, '01105', 'Springfield', '5355 Wayridge Road', 'Massachusetts', 'United States', false);
insert into CustomerDriver (driver_id, customer_id, order_id, delivery_zip, delivery_city, delivery_street, delivery_state, delivery_country, order_delivered) values (3, 15, 46, '02283', 'Boston', '81334 Doe Crossing Drive', 'Massachusetts', 'United States', false);
insert into CustomerDriver (driver_id, customer_id, order_id, delivery_zip, delivery_city, delivery_street, delivery_state, delivery_country, order_delivered) values (13, 10, 47, '02745', 'New Bedford', '81 Heffernan Road', 'Massachusetts', 'United States', true);
insert into CustomerDriver (driver_id, customer_id, order_id, delivery_zip, delivery_city, delivery_street, delivery_state, delivery_country, order_delivered) values (6, 17, 48, '02203', 'Boston', '0 Londonderry Alley', 'Massachusetts', 'United States', false);
insert into CustomerDriver (driver_id, customer_id, order_id, delivery_zip, delivery_city, delivery_street, delivery_state, delivery_country, order_delivered) values (19, 9, 49, '02216', 'Boston', '5394 Moland Point', 'Massachusetts', 'United States', true);
insert into CustomerDriver (driver_id, customer_id, order_id, delivery_zip, delivery_city, delivery_street, delivery_state, delivery_country, order_delivered) values (17, 23, 50, '02745', 'New Bedford', '8 Redwing Crossing', 'Massachusetts', 'United States', false);
insert into CustomerDriver (driver_id, customer_id, order_id, delivery_zip, delivery_city, delivery_street, delivery_state, delivery_country, order_delivered) values (15, 21, 51, '02208', 'Boston', '12909 Summit Plaza', 'Massachusetts', 'United States', true);
insert into CustomerDriver (driver_id, customer_id, order_id, delivery_zip, delivery_city, delivery_street, delivery_state, delivery_country, order_delivered) values (1, 16, 52, '02114', 'Boston', '636 Tomscot Place', 'Massachusetts', 'United States', true);
insert into CustomerDriver (driver_id, customer_id, order_id, delivery_zip, delivery_city, delivery_street, delivery_state, delivery_country, order_delivered) values (1, 11, 53, '02203', 'Boston', '68543 Stang Court', 'Massachusetts', 'United States', false);
insert into CustomerDriver (driver_id, customer_id, order_id, delivery_zip, delivery_city, delivery_street, delivery_state, delivery_country, order_delivered) values (12, 22, 54, '02162', 'Newton', '3079 Boyd Junction', 'Massachusetts', 'United States', true);
insert into CustomerDriver (driver_id, customer_id, order_id, delivery_zip, delivery_city, delivery_street, delivery_state, delivery_country, order_delivered) values (22, 20, 55, '02298', 'Boston', '21 Anderson Parkway', 'Massachusetts', 'United States', false);
insert into CustomerDriver (driver_id, customer_id, order_id, delivery_zip, delivery_city, delivery_street, delivery_state, delivery_country, order_delivered) values (12, 4, 56, '02745', 'New Bedford', '83 Grover Court', 'Massachusetts', 'United States', true);
insert into CustomerDriver (driver_id, customer_id, order_id, delivery_zip, delivery_city, delivery_street, delivery_state, delivery_country, order_delivered) values (18, 20, 57, '01105', 'Springfield', '79 Bluestem Trail', 'Massachusetts', 'United States', false);
insert into CustomerDriver (driver_id, customer_id, order_id, delivery_zip, delivery_city, delivery_street, delivery_state, delivery_country, order_delivered) values (17, 15, 58, '02745', 'New Bedford', '7098 Comanche Junction', 'Massachusetts', 'United States', false);
insert into CustomerDriver (driver_id, customer_id, order_id, delivery_zip, delivery_city, delivery_street, delivery_state, delivery_country, order_delivered) values (22, 2, 59, '01129', 'Springfield', '7 Reinke Parkway', 'Massachusetts', 'United States', false);
insert into CustomerDriver (driver_id, customer_id, order_id, delivery_zip, delivery_city, delivery_street, delivery_state, delivery_country, order_delivered) values (18, 21, 60, '01114', 'Springfield', '62 Lake View Point', 'Massachusetts', 'United States', true);
insert into CustomerDriver (driver_id, customer_id, order_id, delivery_zip, delivery_city, delivery_street, delivery_state, delivery_country, order_delivered) values (6, 12, 61, '02208', 'Boston', '0948 Corscot Crossing', 'Massachusetts', 'United States', false);
insert into CustomerDriver (driver_id, customer_id, order_id, delivery_zip, delivery_city, delivery_street, delivery_state, delivery_country, order_delivered) values (30, 24, 62, '01129', 'Springfield', '080 Myrtle Place', 'Massachusetts', 'United States', false);
insert into CustomerDriver (driver_id, customer_id, order_id, delivery_zip, delivery_city, delivery_street, delivery_state, delivery_country, order_delivered) values (12, 22, 63, '02208', 'Boston', '2974 Westridge Way', 'Massachusetts', 'United States', false);
insert into CustomerDriver (driver_id, customer_id, order_id, delivery_zip, delivery_city, delivery_street, delivery_state, delivery_country, order_delivered) values (5, 1, 64, '02216', 'Boston', '986 Roth Way', 'Massachusetts', 'United States', false);
insert into CustomerDriver (driver_id, customer_id, order_id, delivery_zip, delivery_city, delivery_street, delivery_state, delivery_country, order_delivered) values (5, 28, 65, '01129', 'Springfield', '4408 Fairview Plaza', 'Massachusetts', 'United States', false);
insert into CustomerDriver (driver_id, customer_id, order_id, delivery_zip, delivery_city, delivery_street, delivery_state, delivery_country, order_delivered) values (13, 19, 66, '01105', 'Springfield', '79 Charing Cross Crossing', 'Massachusetts', 'United States', true);
insert into CustomerDriver (driver_id, customer_id, order_id, delivery_zip, delivery_city, delivery_street, delivery_state, delivery_country, order_delivered) values (1, 25, 67, '02283', 'Boston', '51 Prentice Drive', 'Massachusetts', 'United States', false);
insert into CustomerDriver (driver_id, customer_id, order_id, delivery_zip, delivery_city, delivery_street, delivery_state, delivery_country, order_delivered) values (3, 28, 68, '02208', 'Boston', '7 Bay Junction', 'Massachusetts', 'United States', true);
insert into CustomerDriver (driver_id, customer_id, order_id, delivery_zip, delivery_city, delivery_street, delivery_state, delivery_country, order_delivered) values (9, 19, 69, '01105', 'Springfield', '5019 Hagan Plaza', 'Massachusetts', 'United States', false);
insert into CustomerDriver (driver_id, customer_id, order_id, delivery_zip, delivery_city, delivery_street, delivery_state, delivery_country, order_delivered) values (18, 1, 70, '02208', 'Boston', '1673 Meadow Valley Court', 'Massachusetts', 'United States', false);
insert into CustomerDriver (driver_id, customer_id, order_id, delivery_zip, delivery_city, delivery_street, delivery_state, delivery_country, order_delivered) values (17, 6, 71, '01905', 'Lynn', '104 Rutledge Parkway', 'Massachusetts', 'United States', false);
insert into CustomerDriver (driver_id, customer_id, order_id, delivery_zip, delivery_city, delivery_street, delivery_state, delivery_country, order_delivered) values (19, 8, 72, '01105', 'Springfield', '55643 Ryan Drive', 'Massachusetts', 'United States', true);
insert into CustomerDriver (driver_id, customer_id, order_id, delivery_zip, delivery_city, delivery_street, delivery_state, delivery_country, order_delivered) values (27, 25, 73, '01129', 'Springfield', '56 Twin Pines Road', 'Massachusetts', 'United States', false);
insert into CustomerDriver (driver_id, customer_id, order_id, delivery_zip, delivery_city, delivery_street, delivery_state, delivery_country, order_delivered) values (6, 21, 74, '02283', 'Boston', '4653 Lillian Place', 'Massachusetts', 'United States', false);
insert into CustomerDriver (driver_id, customer_id, order_id, delivery_zip, delivery_city, delivery_street, delivery_state, delivery_country, order_delivered) values (20, 6, 75, '02745', 'New Bedford', '77727 Mcguire Parkway', 'Massachusetts', 'United States', false);
insert into CustomerDriver (driver_id, customer_id, order_id, delivery_zip, delivery_city, delivery_street, delivery_state, delivery_country, order_delivered) values (21, 3, 76, '02208', 'Boston', '6 Corscot Street', 'Massachusetts', 'United States', true);
insert into CustomerDriver (driver_id, customer_id, order_id, delivery_zip, delivery_city, delivery_street, delivery_state, delivery_country, order_delivered) values (25, 27, 77, '01105', 'Springfield', '7781 Burrows Circle', 'Massachusetts', 'United States', false);
insert into CustomerDriver (driver_id, customer_id, order_id, delivery_zip, delivery_city, delivery_street, delivery_state, delivery_country, order_delivered) values (12, 11, 78, '02298', 'Boston', '5936 Rusk Park', 'Massachusetts', 'United States', true);
insert into CustomerDriver (driver_id, customer_id, order_id, delivery_zip, delivery_city, delivery_street, delivery_state, delivery_country, order_delivered) values (22, 3, 79, '02208', 'Boston', '72646 Little Fleur Court', 'Massachusetts', 'United States', true);
insert into CustomerDriver (driver_id, customer_id, order_id, delivery_zip, delivery_city, delivery_street, delivery_state, delivery_country, order_delivered) values (4, 1, 80, '02283', 'Boston', '62 Bellgrove Center', 'Massachusetts', 'United States', false);
insert into CustomerDriver (driver_id, customer_id, order_id, delivery_zip, delivery_city, delivery_street, delivery_state, delivery_country, order_delivered) values (20, 4, 81, '01114', 'Springfield', '418 Tony Circle', 'Massachusetts', 'United States', false);
insert into CustomerDriver (driver_id, customer_id, order_id, delivery_zip, delivery_city, delivery_street, delivery_state, delivery_country, order_delivered) values (7, 20, 82, '02208', 'Boston', '805 Shoshone Plaza', 'Massachusetts', 'United States', true);
insert into CustomerDriver (driver_id, customer_id, order_id, delivery_zip, delivery_city, delivery_street, delivery_state, delivery_country, order_delivered) values (13, 30, 83, '01905', 'Lynn', '329 Service Road', 'Massachusetts', 'United States', true);
insert into CustomerDriver (driver_id, customer_id, order_id, delivery_zip, delivery_city, delivery_street, delivery_state, delivery_country, order_delivered) values (10, 12, 84, '02203', 'Boston', '008 Anthes Way', 'Massachusetts', 'United States', false);
insert into CustomerDriver (driver_id, customer_id, order_id, delivery_zip, delivery_city, delivery_street, delivery_state, delivery_country, order_delivered) values (12, 19, 85, '02208', 'Boston', '14 Cardinal Alley', 'Massachusetts', 'United States', true);
insert into CustomerDriver (driver_id, customer_id, order_id, delivery_zip, delivery_city, delivery_street, delivery_state, delivery_country, order_delivered) values (22, 17, 86, '01905', 'Lynn', '730 Cardinal Hill', 'Massachusetts', 'United States', false);
insert into CustomerDriver (driver_id, customer_id, order_id, delivery_zip, delivery_city, delivery_street, delivery_state, delivery_country, order_delivered) values (18, 23, 87, '01905', 'Lynn', '53 Springview Street', 'Massachusetts', 'United States', true);
insert into CustomerDriver (driver_id, customer_id, order_id, delivery_zip, delivery_city, delivery_street, delivery_state, delivery_country, order_delivered) values (19, 15, 88, '01105', 'Springfield', '891 Nevada Pass', 'Massachusetts', 'United States', false);
insert into CustomerDriver (driver_id, customer_id, order_id, delivery_zip, delivery_city, delivery_street, delivery_state, delivery_country, order_delivered) values (1, 2, 89, '02162', 'Newton', '57290 Schiller Point', 'Massachusetts', 'United States', true);
insert into CustomerDriver (driver_id, customer_id, order_id, delivery_zip, delivery_city, delivery_street, delivery_state, delivery_country, order_delivered) values (16, 3, 90, '01105', 'Springfield', '9 Hoepker Court', 'Massachusetts', 'United States', true);
insert into CustomerDriver (driver_id, customer_id, order_id, delivery_zip, delivery_city, delivery_street, delivery_state, delivery_country, order_delivered) values (18, 27, 91, '01905', 'Lynn', '8 Pawling Court', 'Massachusetts', 'United States', false);
insert into CustomerDriver (driver_id, customer_id, order_id, delivery_zip, delivery_city, delivery_street, delivery_state, delivery_country, order_delivered) values (24, 15, 92, '01129', 'Springfield', '20864 Sachs Pass', 'Massachusetts', 'United States', false);
insert into CustomerDriver (driver_id, customer_id, order_id, delivery_zip, delivery_city, delivery_street, delivery_state, delivery_country, order_delivered) values (24, 1, 93, '02203', 'Boston', '78675 Canary Pass', 'Massachusetts', 'United States', true);
insert into CustomerDriver (driver_id, customer_id, order_id, delivery_zip, delivery_city, delivery_street, delivery_state, delivery_country, order_delivered) values (4, 15, 94, '02216', 'Boston', '05031 Bowman Park', 'Massachusetts', 'United States', true);
insert into CustomerDriver (driver_id, customer_id, order_id, delivery_zip, delivery_city, delivery_street, delivery_state, delivery_country, order_delivered) values (28, 3, 95, '02745', 'New Bedford', '5 Schmedeman Street', 'Massachusetts', 'United States', true);
insert into CustomerDriver (driver_id, customer_id, order_id, delivery_zip, delivery_city, delivery_street, delivery_state, delivery_country, order_delivered) values (3, 15, 96, '02114', 'Boston', '75 Veith Junction', 'Massachusetts', 'United States', true);
insert into CustomerDriver (driver_id, customer_id, order_id, delivery_zip, delivery_city, delivery_street, delivery_state, delivery_country, order_delivered) values (4, 29, 97, '01105', 'Springfield', '5347 Everett Parkway', 'Massachusetts', 'United States', false);
insert into CustomerDriver (driver_id, customer_id, order_id, delivery_zip, delivery_city, delivery_street, delivery_state, delivery_country, order_delivered) values (25, 24, 98, '02283', 'Boston', '0635 Fremont Parkway', 'Massachusetts', 'United States', true);
insert into CustomerDriver (driver_id, customer_id, order_id, delivery_zip, delivery_city, delivery_street, delivery_state, delivery_country, order_delivered) values (23, 30, 99, '02216', 'Boston', '5855 Bellgrove Court', 'Massachusetts', 'United States', true);
insert into CustomerDriver (driver_id, customer_id, order_id, delivery_zip, delivery_city, delivery_street, delivery_state, delivery_country, order_delivered) values (6, 2, 100, '02216', 'Boston', '491 Beilfuss Alley', 'Massachusetts', 'United States', true);
insert into CustomerDriver (driver_id, customer_id, order_id, delivery_zip, delivery_city, delivery_street, delivery_state, delivery_country, order_delivered) values (24, 23, 101, '02208', 'Boston', '89 Elmside Court', 'Massachusetts', 'United States', false);
insert into CustomerDriver (driver_id, customer_id, order_id, delivery_zip, delivery_city, delivery_street, delivery_state, delivery_country, order_delivered) values (3, 3, 102, '01114', 'Springfield', '000 Buena Vista Hill', 'Massachusetts', 'United States', false);
insert into CustomerDriver (driver_id, customer_id, order_id, delivery_zip, delivery_city, delivery_street, delivery_state, delivery_country, order_delivered) values (8, 16, 103, '02298', 'Boston', '5154 Hanson Crossing', 'Massachusetts', 'United States', false);
insert into CustomerDriver (driver_id, customer_id, order_id, delivery_zip, delivery_city, delivery_street, delivery_state, delivery_country, order_delivered) values (14, 5, 104, '02203', 'Boston', '21 Ludington Plaza', 'Massachusetts', 'United States', false);
insert into CustomerDriver (driver_id, customer_id, order_id, delivery_zip, delivery_city, delivery_street, delivery_state, delivery_country, order_delivered) values (17, 17, 105, '02162', 'Newton', '8 Dennis Point', 'Massachusetts', 'United States', false);
insert into CustomerDriver (driver_id, customer_id, order_id, delivery_zip, delivery_city, delivery_street, delivery_state, delivery_country, order_delivered) values (4, 11, 106, '02298', 'Boston', '08490 Luster Point', 'Massachusetts', 'United States', false);
insert into CustomerDriver (driver_id, customer_id, order_id, delivery_zip, delivery_city, delivery_street, delivery_state, delivery_country, order_delivered) values (1, 14, 107, '01129', 'Springfield', '66 Buena Vista Park', 'Massachusetts', 'United States', true);
insert into CustomerDriver (driver_id, customer_id, order_id, delivery_zip, delivery_city, delivery_street, delivery_state, delivery_country, order_delivered) values (3, 29, 108, '02745', 'New Bedford', '85483 Delladonna Way', 'Massachusetts', 'United States', false);
insert into CustomerDriver (driver_id, customer_id, order_id, delivery_zip, delivery_city, delivery_street, delivery_state, delivery_country, order_delivered) values (14, 13, 109, '02283', 'Boston', '5 Moose Way', 'Massachusetts', 'United States', true);
insert into CustomerDriver (driver_id, customer_id, order_id, delivery_zip, delivery_city, delivery_street, delivery_state, delivery_country, order_delivered) values (21, 18, 110, '02162', 'Newton', '07787 Kedzie Terrace', 'Massachusetts', 'United States', true);
insert into CustomerDriver (driver_id, customer_id, order_id, delivery_zip, delivery_city, delivery_street, delivery_state, delivery_country, order_delivered) values (17, 7, 111, '02283', 'Boston', '6 Darwin Road', 'Massachusetts', 'United States', true);
insert into CustomerDriver (driver_id, customer_id, order_id, delivery_zip, delivery_city, delivery_street, delivery_state, delivery_country, order_delivered) values (5, 10, 112, '02283', 'Boston', '50353 Forster Lane', 'Massachusetts', 'United States', false);
insert into CustomerDriver (driver_id, customer_id, order_id, delivery_zip, delivery_city, delivery_street, delivery_state, delivery_country, order_delivered) values (22, 21, 113, '02208', 'Boston', '50 Kingsford Court', 'Massachusetts', 'United States', true);
insert into CustomerDriver (driver_id, customer_id, order_id, delivery_zip, delivery_city, delivery_street, delivery_state, delivery_country, order_delivered) values (30, 14, 114, '02208', 'Boston', '4192 Ronald Regan Way', 'Massachusetts', 'United States', true);
insert into CustomerDriver (driver_id, customer_id, order_id, delivery_zip, delivery_city, delivery_street, delivery_state, delivery_country, order_delivered) values (11, 9, 115, '01129', 'Springfield', '82 Dexter Crossing', 'Massachusetts', 'United States', false);
insert into CustomerDriver (driver_id, customer_id, order_id, delivery_zip, delivery_city, delivery_street, delivery_state, delivery_country, order_delivered) values (15, 10, 116, '02162', 'Newton', '22 Mesta Center', 'Massachusetts', 'United States', false);
insert into CustomerDriver (driver_id, customer_id, order_id, delivery_zip, delivery_city, delivery_street, delivery_state, delivery_country, order_delivered) values (7, 18, 117, '01905', 'Lynn', '19043 Lukken Hill', 'Massachusetts', 'United States', false);
insert into CustomerDriver (driver_id, customer_id, order_id, delivery_zip, delivery_city, delivery_street, delivery_state, delivery_country, order_delivered) values (7, 23, 118, '01129', 'Springfield', '0 Mandrake Avenue', 'Massachusetts', 'United States', true);
insert into CustomerDriver (driver_id, customer_id, order_id, delivery_zip, delivery_city, delivery_street, delivery_state, delivery_country, order_delivered) values (13, 16, 119, '02162', 'Newton', '01 Luster Plaza', 'Massachusetts', 'United States', true);
insert into CustomerDriver (driver_id, customer_id, order_id, delivery_zip, delivery_city, delivery_street, delivery_state, delivery_country, order_delivered) values (28, 25, 120, '01114', 'Springfield', '9320 Harper Lane', 'Massachusetts', 'United States', false);
insert into CustomerDriver (driver_id, customer_id, order_id, delivery_zip, delivery_city, delivery_street, delivery_state, delivery_country, order_delivered) values (18, 25, 121, '02162', 'Newton', '413 Bobwhite Hill', 'Massachusetts', 'United States', false);
insert into CustomerDriver (driver_id, customer_id, order_id, delivery_zip, delivery_city, delivery_street, delivery_state, delivery_country, order_delivered) values (8, 26, 122, '02114', 'Boston', '3 Ludington Street', 'Massachusetts', 'United States', false);
insert into CustomerDriver (driver_id, customer_id, order_id, delivery_zip, delivery_city, delivery_street, delivery_state, delivery_country, order_delivered) values (14, 9, 123, '02162', 'Newton', '9 Pankratz Point', 'Massachusetts', 'United States', false);
insert into CustomerDriver (driver_id, customer_id, order_id, delivery_zip, delivery_city, delivery_street, delivery_state, delivery_country, order_delivered) values (25, 29, 124, '02162', 'Newton', '73248 Thompson Road', 'Massachusetts', 'United States', false);
insert into CustomerDriver (driver_id, customer_id, order_id, delivery_zip, delivery_city, delivery_street, delivery_state, delivery_country, order_delivered) values (4, 30, 125, '01114', 'Springfield', '7570 Columbus Junction', 'Massachusetts', 'United States', false);
insert into CustomerDriver (driver_id, customer_id, order_id, delivery_zip, delivery_city, delivery_street, delivery_state, delivery_country, order_delivered) values (8, 23, 126, '02203', 'Boston', '41150 Meadow Ridge Place', 'Massachusetts', 'United States', true);
insert into CustomerDriver (driver_id, customer_id, order_id, delivery_zip, delivery_city, delivery_street, delivery_state, delivery_country, order_delivered) values (25, 16, 127, '02283', 'Boston', '848 Fieldstone Avenue', 'Massachusetts', 'United States', true);
insert into CustomerDriver (driver_id, customer_id, order_id, delivery_zip, delivery_city, delivery_street, delivery_state, delivery_country, order_delivered) values (17, 3, 128, '02162', 'Newton', '068 8th Circle', 'Massachusetts', 'United States', false);
insert into CustomerDriver (driver_id, customer_id, order_id, delivery_zip, delivery_city, delivery_street, delivery_state, delivery_country, order_delivered) values (23, 7, 129, '01129', 'Springfield', '138 Victoria Place', 'Massachusetts', 'United States', true);
insert into CustomerDriver (driver_id, customer_id, order_id, delivery_zip, delivery_city, delivery_street, delivery_state, delivery_country, order_delivered) values (27, 11, 130, '01129', 'Springfield', '96 Riverside Drive', 'Massachusetts', 'United States', false);
insert into CustomerDriver (driver_id, customer_id, order_id, delivery_zip, delivery_city, delivery_street, delivery_state, delivery_country, order_delivered) values (11, 8, 131, '02208', 'Boston', '7 Packers Junction', 'Massachusetts', 'United States', true);
insert into CustomerDriver (driver_id, customer_id, order_id, delivery_zip, delivery_city, delivery_street, delivery_state, delivery_country, order_delivered) values (2, 1, 132, '02216', 'Boston', '86 Kenwood Place', 'Massachusetts', 'United States', true);
insert into CustomerDriver (driver_id, customer_id, order_id, delivery_zip, delivery_city, delivery_street, delivery_state, delivery_country, order_delivered) values (21, 27, 133, '01114', 'Springfield', '36220 Kings Circle', 'Massachusetts', 'United States', true);
insert into CustomerDriver (driver_id, customer_id, order_id, delivery_zip, delivery_city, delivery_street, delivery_state, delivery_country, order_delivered) values (25, 22, 134, '01129', 'Springfield', '030 Gulseth Pass', 'Massachusetts', 'United States', false);
insert into CustomerDriver (driver_id, customer_id, order_id, delivery_zip, delivery_city, delivery_street, delivery_state, delivery_country, order_delivered) values (20, 24, 135, '02208', 'Boston', '26876 Gateway Pass', 'Massachusetts', 'United States', false);
insert into CustomerDriver (driver_id, customer_id, order_id, delivery_zip, delivery_city, delivery_street, delivery_state, delivery_country, order_delivered) values (27, 28, 136, '02208', 'Boston', '58 Oak Valley Center', 'Massachusetts', 'United States', true);
insert into CustomerDriver (driver_id, customer_id, order_id, delivery_zip, delivery_city, delivery_street, delivery_state, delivery_country, order_delivered) values (9, 8, 137, '01105', 'Springfield', '2906 Kenwood Pass', 'Massachusetts', 'United States', false);
insert into CustomerDriver (driver_id, customer_id, order_id, delivery_zip, delivery_city, delivery_street, delivery_state, delivery_country, order_delivered) values (24, 7, 138, '02298', 'Boston', '46087 Gale Circle', 'Massachusetts', 'United States', true);
insert into CustomerDriver (driver_id, customer_id, order_id, delivery_zip, delivery_city, delivery_street, delivery_state, delivery_country, order_delivered) values (19, 7, 139, '02203', 'Boston', '576 Prentice Park', 'Massachusetts', 'United States', false);
insert into CustomerDriver (driver_id, customer_id, order_id, delivery_zip, delivery_city, delivery_street, delivery_state, delivery_country, order_delivered) values (30, 22, 140, '01114', 'Springfield', '7 Manley Street', 'Massachusetts', 'United States', false);
insert into CustomerDriver (driver_id, customer_id, order_id, delivery_zip, delivery_city, delivery_street, delivery_state, delivery_country, order_delivered) values (22, 15, 141, '02216', 'Boston', '52 Menomonie Pass', 'Massachusetts', 'United States', false);
insert into CustomerDriver (driver_id, customer_id, order_id, delivery_zip, delivery_city, delivery_street, delivery_state, delivery_country, order_delivered) values (4, 9, 142, '01129', 'Springfield', '335 Warrior Trail', 'Massachusetts', 'United States', false);
insert into CustomerDriver (driver_id, customer_id, order_id, delivery_zip, delivery_city, delivery_street, delivery_state, delivery_country, order_delivered) values (23, 15, 143, '02745', 'New Bedford', '97094 Ronald Regan Hill', 'Massachusetts', 'United States', true);
insert into CustomerDriver (driver_id, customer_id, order_id, delivery_zip, delivery_city, delivery_street, delivery_state, delivery_country, order_delivered) values (26, 20, 144, '01905', 'Lynn', '221 Bultman Park', 'Massachusetts', 'United States', true);
insert into CustomerDriver (driver_id, customer_id, order_id, delivery_zip, delivery_city, delivery_street, delivery_state, delivery_country, order_delivered) values (10, 4, 145, '02283', 'Boston', '47272 Jenna Circle', 'Massachusetts', 'United States', false);
insert into CustomerDriver (driver_id, customer_id, order_id, delivery_zip, delivery_city, delivery_street, delivery_state, delivery_country, order_delivered) values (4, 28, 146, '02162', 'Newton', '40425 Hallows Court', 'Massachusetts', 'United States', true);
insert into CustomerDriver (driver_id, customer_id, order_id, delivery_zip, delivery_city, delivery_street, delivery_state, delivery_country, order_delivered) values (15, 6, 147, '01105', 'Springfield', '62893 Hallows Plaza', 'Massachusetts', 'United States', true);
insert into CustomerDriver (driver_id, customer_id, order_id, delivery_zip, delivery_city, delivery_street, delivery_state, delivery_country, order_delivered) values (21, 16, 148, '01129', 'Springfield', '13740 Del Mar Drive', 'Massachusetts', 'United States', false);
insert into CustomerDriver (driver_id, customer_id, order_id, delivery_zip, delivery_city, delivery_street, delivery_state, delivery_country, order_delivered) values (17, 26, 149, '02203', 'Boston', '4 Luster Center', 'Massachusetts', 'United States', false);
insert into CustomerDriver (driver_id, customer_id, order_id, delivery_zip, delivery_city, delivery_street, delivery_state, delivery_country, order_delivered) values (14, 22, 150, '02162', 'Newton', '55 8th Center', 'Massachusetts', 'United States', false);


create table Payment (
	order_id INT NOT NULL,
	amount DECIMAL(5,2) NOT NULL,
	method TEXT NOT NULL,
	paydate DATE NOT NULL,
	FOREIGN KEY (order_id) REFERENCES FoodOrder(order_id)
);

insert into Payment (order_id, amount, method, paydate) values (1, 111.06, 'visa', '2022-08-08');
insert into Payment (order_id, amount, method, paydate) values (2, 191.67, 'visa', '2022-04-29');
insert into Payment (order_id, amount, method, paydate) values (3, 156.23, 'mastercard', '2022-05-08');
insert into Payment (order_id, amount, method, paydate) values (4, 40.49, 'amex', '2022-07-15');
insert into Payment (order_id, amount, method, paydate) values (5, 150.98, 'amex', '2022-02-17');
insert into Payment (order_id, amount, method, paydate) values (6, 54.52, 'mastercard', '2022-10-14');
insert into Payment (order_id, amount, method, paydate) values (7, 164.43, 'visa', '2022-05-24');
insert into Payment (order_id, amount, method, paydate) values (8, 163.75, 'mastercard', '2022-01-19');
insert into Payment (order_id, amount, method, paydate) values (9, 30.71, 'amex', '2022-05-14');
insert into Payment (order_id, amount, method, paydate) values (10, 22.37, 'mastercard', '2021-12-31');
insert into Payment (order_id, amount, method, paydate) values (11, 184.14, 'amex', '2022-07-08');
insert into Payment (order_id, amount, method, paydate) values (12, 44.47, 'amex', '2022-02-07');
insert into Payment (order_id, amount, method, paydate) values (13, 161.35, 'visa', '2022-04-02');
insert into Payment (order_id, amount, method, paydate) values (14, 98.32, 'visa', '2022-02-07');
insert into Payment (order_id, amount, method, paydate) values (15, 39.87, 'visa', '2022-02-22');
insert into Payment (order_id, amount, method, paydate) values (16, 190.0, 'visa', '2022-10-15');
insert into Payment (order_id, amount, method, paydate) values (17, 26.58, 'mastercard', '2022-09-23');
insert into Payment (order_id, amount, method, paydate) values (18, 38.4, 'mastercard', '2022-06-24');
insert into Payment (order_id, amount, method, paydate) values (19, 19.75, 'mastercard', '2022-05-19');
insert into Payment (order_id, amount, method, paydate) values (20, 26.06, 'visa', '2022-05-13');
insert into Payment (order_id, amount, method, paydate) values (21, 152.34, 'visa', '2022-09-27');
insert into Payment (order_id, amount, method, paydate) values (22, 161.01, 'visa', '2022-04-16');
insert into Payment (order_id, amount, method, paydate) values (23, 118.47, 'amex', '2022-06-18');
insert into Payment (order_id, amount, method, paydate) values (24, 38.04, 'visa', '2022-09-06');
insert into Payment (order_id, amount, method, paydate) values (25, 158.91, 'visa', '2021-12-16');
insert into Payment (order_id, amount, method, paydate) values (26, 57.04, 'visa', '2022-08-06');
insert into Payment (order_id, amount, method, paydate) values (27, 113.92, 'visa', '2022-03-16');
insert into Payment (order_id, amount, method, paydate) values (28, 115.46, 'visa', '2022-02-24');
insert into Payment (order_id, amount, method, paydate) values (29, 76.48, 'amex', '2022-10-08');
insert into Payment (order_id, amount, method, paydate) values (30, 12.11, 'amex', '2022-08-04');
insert into Payment (order_id, amount, method, paydate) values (31, 95.41, 'amex', '2022-10-16');
insert into Payment (order_id, amount, method, paydate) values (32, 24.52, 'amex', '2022-10-31');
insert into Payment (order_id, amount, method, paydate) values (33, 169.52, 'amex', '2021-11-22');
insert into Payment (order_id, amount, method, paydate) values (34, 7.1, 'visa', '2022-03-14');
insert into Payment (order_id, amount, method, paydate) values (35, 31.09, 'mastercard', '2022-05-25');
insert into Payment (order_id, amount, method, paydate) values (36, 38.41, 'mastercard', '2022-09-11');
insert into Payment (order_id, amount, method, paydate) values (37, 47.97, 'amex', '2022-03-06');
insert into Payment (order_id, amount, method, paydate) values (38, 90.36, 'visa', '2022-01-06');
insert into Payment (order_id, amount, method, paydate) values (39, 121.61, 'visa', '2022-08-21');
insert into Payment (order_id, amount, method, paydate) values (40, 185.72, 'visa', '2022-07-27');
insert into Payment (order_id, amount, method, paydate) values (41, 33.58, 'amex', '2022-09-27');
insert into Payment (order_id, amount, method, paydate) values (42, 192.18, 'visa', '2022-11-13');
insert into Payment (order_id, amount, method, paydate) values (43, 171.31, 'mastercard', '2022-09-01');
insert into Payment (order_id, amount, method, paydate) values (44, 89.4, 'amex', '2022-05-23');
insert into Payment (order_id, amount, method, paydate) values (45, 91.47, 'mastercard', '2021-12-24');
insert into Payment (order_id, amount, method, paydate) values (46, 151.68, 'mastercard', '2022-01-05');
insert into Payment (order_id, amount, method, paydate) values (47, 30.32, 'mastercard', '2022-04-26');
insert into Payment (order_id, amount, method, paydate) values (48, 17.74, 'visa', '2022-11-04');
insert into Payment (order_id, amount, method, paydate) values (49, 41.96, 'amex', '2022-03-09');
insert into Payment (order_id, amount, method, paydate) values (50, 88.7, 'mastercard', '2022-06-03');
insert into Payment (order_id, amount, method, paydate) values (51, 117.76, 'mastercard', '2022-01-21');
insert into Payment (order_id, amount, method, paydate) values (52, 166.78, 'visa', '2022-02-25');
insert into Payment (order_id, amount, method, paydate) values (53, 149.39, 'amex', '2021-12-08');
insert into Payment (order_id, amount, method, paydate) values (54, 129.09, 'amex', '2022-07-19');
insert into Payment (order_id, amount, method, paydate) values (55, 55.09, 'mastercard', '2022-03-10');
insert into Payment (order_id, amount, method, paydate) values (56, 10.98, 'visa', '2022-09-20');
insert into Payment (order_id, amount, method, paydate) values (57, 146.8, 'mastercard', '2022-04-01');
insert into Payment (order_id, amount, method, paydate) values (58, 57.34, 'visa', '2021-12-08');
insert into Payment (order_id, amount, method, paydate) values (59, 33.17, 'visa', '2021-11-28');
insert into Payment (order_id, amount, method, paydate) values (60, 68.19, 'amex', '2022-04-21');
insert into Payment (order_id, amount, method, paydate) values (61, 85.07, 'amex', '2022-05-08');
insert into Payment (order_id, amount, method, paydate) values (62, 29.25, 'visa', '2022-01-19');
insert into Payment (order_id, amount, method, paydate) values (63, 60.72, 'mastercard', '2022-03-11');
insert into Payment (order_id, amount, method, paydate) values (64, 42.21, 'visa', '2022-10-20');
insert into Payment (order_id, amount, method, paydate) values (65, 15.41, 'mastercard', '2022-06-20');
insert into Payment (order_id, amount, method, paydate) values (66, 154.67, 'visa', '2022-06-21');
insert into Payment (order_id, amount, method, paydate) values (67, 99.75, 'mastercard', '2022-02-21');
insert into Payment (order_id, amount, method, paydate) values (68, 96.13, 'mastercard', '2022-02-16');
insert into Payment (order_id, amount, method, paydate) values (69, 93.49, 'mastercard', '2022-01-02');
insert into Payment (order_id, amount, method, paydate) values (70, 147.76, 'mastercard', '2022-10-11');
insert into Payment (order_id, amount, method, paydate) values (71, 67.56, 'visa', '2022-03-04');
insert into Payment (order_id, amount, method, paydate) values (72, 180.08, 'amex', '2022-09-21');
insert into Payment (order_id, amount, method, paydate) values (73, 119.98, 'amex', '2022-02-18');
insert into Payment (order_id, amount, method, paydate) values (74, 10.57, 'mastercard', '2022-04-27');
insert into Payment (order_id, amount, method, paydate) values (75, 34.19, 'visa', '2022-01-10');
insert into Payment (order_id, amount, method, paydate) values (76, 118.76, 'visa', '2022-11-02');
insert into Payment (order_id, amount, method, paydate) values (77, 5.86, 'visa', '2022-10-06');
insert into Payment (order_id, amount, method, paydate) values (78, 20.76, 'amex', '2022-08-29');
insert into Payment (order_id, amount, method, paydate) values (79, 53.14, 'mastercard', '2022-04-16');
insert into Payment (order_id, amount, method, paydate) values (80, 108.84, 'amex', '2021-12-31');
insert into Payment (order_id, amount, method, paydate) values (81, 61.18, 'visa', '2022-09-12');
insert into Payment (order_id, amount, method, paydate) values (82, 23.0, 'mastercard', '2022-08-01');
insert into Payment (order_id, amount, method, paydate) values (83, 12.94, 'visa', '2022-06-28');
insert into Payment (order_id, amount, method, paydate) values (84, 134.27, 'mastercard', '2021-12-20');
insert into Payment (order_id, amount, method, paydate) values (85, 71.67, 'mastercard', '2022-02-28');
insert into Payment (order_id, amount, method, paydate) values (86, 57.44, 'visa', '2022-07-25');
insert into Payment (order_id, amount, method, paydate) values (87, 197.55, 'visa', '2022-11-08');
insert into Payment (order_id, amount, method, paydate) values (88, 21.63, 'mastercard', '2022-10-10');
insert into Payment (order_id, amount, method, paydate) values (89, 170.29, 'amex', '2022-05-02');
insert into Payment (order_id, amount, method, paydate) values (90, 83.79, 'mastercard', '2022-01-20');
insert into Payment (order_id, amount, method, paydate) values (91, 166.74, 'mastercard', '2022-05-06');
insert into Payment (order_id, amount, method, paydate) values (92, 135.67, 'mastercard', '2022-11-18');
insert into Payment (order_id, amount, method, paydate) values (93, 84.72, 'visa', '2022-07-16');
insert into Payment (order_id, amount, method, paydate) values (94, 50.38, 'amex', '2021-12-12');
insert into Payment (order_id, amount, method, paydate) values (95, 154.5, 'amex', '2022-05-04');
insert into Payment (order_id, amount, method, paydate) values (96, 154.88, 'visa', '2022-04-25');
insert into Payment (order_id, amount, method, paydate) values (97, 106.12, 'amex', '2022-09-08');
insert into Payment (order_id, amount, method, paydate) values (98, 158.47, 'visa', '2022-09-19');
insert into Payment (order_id, amount, method, paydate) values (99, 104.83, 'amex', '2022-07-08');
insert into Payment (order_id, amount, method, paydate) values (100, 185.88, 'mastercard', '2022-11-15');
insert into Payment (order_id, amount, method, paydate) values (101, 74.04, 'mastercard', '2022-10-08');
insert into Payment (order_id, amount, method, paydate) values (102, 40.9, 'amex', '2022-04-22');
insert into Payment (order_id, amount, method, paydate) values (103, 99.0, 'mastercard', '2022-06-20');
insert into Payment (order_id, amount, method, paydate) values (104, 14.46, 'visa', '2022-03-06');
insert into Payment (order_id, amount, method, paydate) values (105, 113.49, 'amex', '2021-12-03');
insert into Payment (order_id, amount, method, paydate) values (106, 117.6, 'visa', '2022-02-17');
insert into Payment (order_id, amount, method, paydate) values (107, 8.22, 'amex', '2022-01-06');
insert into Payment (order_id, amount, method, paydate) values (108, 34.43, 'amex', '2022-08-08');
insert into Payment (order_id, amount, method, paydate) values (109, 21.91, 'mastercard', '2022-07-12');
insert into Payment (order_id, amount, method, paydate) values (110, 71.39, 'amex', '2022-06-16');
insert into Payment (order_id, amount, method, paydate) values (111, 162.81, 'mastercard', '2022-05-03');
insert into Payment (order_id, amount, method, paydate) values (112, 121.68, 'mastercard', '2022-01-18');
insert into Payment (order_id, amount, method, paydate) values (113, 180.0, 'visa', '2022-08-10');
insert into Payment (order_id, amount, method, paydate) values (114, 30.93, 'visa', '2022-04-15');
insert into Payment (order_id, amount, method, paydate) values (115, 156.53, 'amex', '2022-07-03');
insert into Payment (order_id, amount, method, paydate) values (116, 151.56, 'visa', '2021-11-29');
insert into Payment (order_id, amount, method, paydate) values (117, 113.7, 'mastercard', '2022-01-04');
insert into Payment (order_id, amount, method, paydate) values (118, 39.98, 'visa', '2022-10-06');
insert into Payment (order_id, amount, method, paydate) values (119, 104.09, 'mastercard', '2022-03-07');
insert into Payment (order_id, amount, method, paydate) values (120, 102.84, 'mastercard', '2022-09-17');
insert into Payment (order_id, amount, method, paydate) values (121, 94.25, 'visa', '2022-01-31');
insert into Payment (order_id, amount, method, paydate) values (122, 27.9, 'amex', '2022-02-11');
insert into Payment (order_id, amount, method, paydate) values (123, 150.09, 'amex', '2022-11-14');
insert into Payment (order_id, amount, method, paydate) values (124, 157.27, 'amex', '2022-05-12');
insert into Payment (order_id, amount, method, paydate) values (125, 122.18, 'visa', '2022-02-10');
insert into Payment (order_id, amount, method, paydate) values (126, 114.33, 'visa', '2022-02-06');
insert into Payment (order_id, amount, method, paydate) values (127, 138.55, 'visa', '2022-02-17');
insert into Payment (order_id, amount, method, paydate) values (128, 121.93, 'visa', '2022-04-01');
insert into Payment (order_id, amount, method, paydate) values (129, 75.85, 'mastercard', '2022-10-02');
insert into Payment (order_id, amount, method, paydate) values (130, 36.47, 'mastercard', '2022-04-16');
insert into Payment (order_id, amount, method, paydate) values (131, 64.08, 'amex', '2022-04-02');
insert into Payment (order_id, amount, method, paydate) values (132, 153.08, 'mastercard', '2022-11-17');
insert into Payment (order_id, amount, method, paydate) values (133, 95.68, 'visa', '2022-09-19');
insert into Payment (order_id, amount, method, paydate) values (134, 173.32, 'amex', '2022-08-24');
insert into Payment (order_id, amount, method, paydate) values (135, 154.65, 'visa', '2022-07-28');
insert into Payment (order_id, amount, method, paydate) values (136, 102.03, 'amex', '2022-03-24');
insert into Payment (order_id, amount, method, paydate) values (137, 38.78, 'amex', '2021-12-18');
insert into Payment (order_id, amount, method, paydate) values (138, 171.3, 'visa', '2022-09-11');
insert into Payment (order_id, amount, method, paydate) values (139, 22.98, 'mastercard', '2022-06-24');
insert into Payment (order_id, amount, method, paydate) values (140, 39.39, 'amex', '2022-05-15');
insert into Payment (order_id, amount, method, paydate) values (141, 82.52, 'mastercard', '2022-11-06');
insert into Payment (order_id, amount, method, paydate) values (142, 22.84, 'amex', '2022-07-03');
insert into Payment (order_id, amount, method, paydate) values (143, 101.81, 'visa', '2022-06-16');
insert into Payment (order_id, amount, method, paydate) values (144, 193.96, 'mastercard', '2021-12-04');
insert into Payment (order_id, amount, method, paydate) values (145, 153.41, 'mastercard', '2022-03-07');
insert into Payment (order_id, amount, method, paydate) values (146, 54.76, 'amex', '2022-07-20');
insert into Payment (order_id, amount, method, paydate) values (147, 88.53, 'mastercard', '2022-05-21');
insert into Payment (order_id, amount, method, paydate) values (148, 28.26, 'mastercard', '2022-02-07');
insert into Payment (order_id, amount, method, paydate) values (149, 36.96, 'mastercard', '2021-12-27');
insert into Payment (order_id, amount, method, paydate) values (150, 147.5, 'visa', '2022-01-26');


create table RestaurantCategory (
	rest_id INT NOT NULL,
	cat_name VARCHAR(50) NOT NULL,
	FOREIGN KEY (rest_id) REFERENCES Restaurant(rest_id),
	CONSTRAINT PK_rest_cat PRIMARY KEY (rest_id,cat_name)
);

insert into RestaurantCategory (rest_id, cat_name) values (34, 'American');
insert into RestaurantCategory (rest_id, cat_name) values (19, 'Seafood');
insert into RestaurantCategory (rest_id, cat_name) values (55, 'Japanese');
insert into RestaurantCategory (rest_id, cat_name) values (39, 'Vietnamese');
insert into RestaurantCategory (rest_id, cat_name) values (6, 'Japanese');
insert into RestaurantCategory (rest_id, cat_name) values (30, 'Japanese');
insert into RestaurantCategory (rest_id, cat_name) values (32, 'Chinese');
insert into RestaurantCategory (rest_id, cat_name) values (14, 'Korean');
insert into RestaurantCategory (rest_id, cat_name) values (59, 'Thai');
insert into RestaurantCategory (rest_id, cat_name) values (39, 'Polish');
insert into RestaurantCategory (rest_id, cat_name) values (57, 'Mexican');
insert into RestaurantCategory (rest_id, cat_name) values (14, 'Mediterranean');
insert into RestaurantCategory (rest_id, cat_name) values (40, 'French');
insert into RestaurantCategory (rest_id, cat_name) values (45, 'Vietnamese');
insert into RestaurantCategory (rest_id, cat_name) values (55, 'French');
insert into RestaurantCategory (rest_id, cat_name) values (32, 'Mediterranean');
insert into RestaurantCategory (rest_id, cat_name) values (8, 'Seafood');
insert into RestaurantCategory (rest_id, cat_name) values (6, 'Chinese');
insert into RestaurantCategory (rest_id, cat_name) values (3, 'Chinese');
insert into RestaurantCategory (rest_id, cat_name) values (49, 'American');
insert into RestaurantCategory (rest_id, cat_name) values (54, 'Chinese');
insert into RestaurantCategory (rest_id, cat_name) values (28, 'Korean');
insert into RestaurantCategory (rest_id, cat_name) values (35, 'American');
insert into RestaurantCategory (rest_id, cat_name) values (8, 'Thai');
insert into RestaurantCategory (rest_id, cat_name) values (53, 'Chinese');
insert into RestaurantCategory (rest_id, cat_name) values (35, 'Korean');
insert into RestaurantCategory (rest_id, cat_name) values (31, 'American');
insert into RestaurantCategory (rest_id, cat_name) values (20, 'Thai');
insert into RestaurantCategory (rest_id, cat_name) values (27, 'Vietnamese');
insert into RestaurantCategory (rest_id, cat_name) values (51, 'Vietnamese');
insert into RestaurantCategory (rest_id, cat_name) values (40, 'Cambodian');
insert into RestaurantCategory (rest_id, cat_name) values (15, 'French');
insert into RestaurantCategory (rest_id, cat_name) values (22, 'Korean');
insert into RestaurantCategory (rest_id, cat_name) values (3, 'French');
insert into RestaurantCategory (rest_id, cat_name) values (48, 'Mediterranean');
insert into RestaurantCategory (rest_id, cat_name) values (33, 'Chinese');
insert into RestaurantCategory (rest_id, cat_name) values (34, 'Thai');
insert into RestaurantCategory (rest_id, cat_name) values (12, 'Korean');
insert into RestaurantCategory (rest_id, cat_name) values (56, 'French');
insert into RestaurantCategory (rest_id, cat_name) values (44, 'Mexican');
insert into RestaurantCategory (rest_id, cat_name) values (53, 'Mexican');
insert into RestaurantCategory (rest_id, cat_name) values (10, 'Vietnamese');
insert into RestaurantCategory (rest_id, cat_name) values (59, 'Mexican');
insert into RestaurantCategory (rest_id, cat_name) values (46, 'Chinese');
insert into RestaurantCategory (rest_id, cat_name) values (5, 'Vietnamese');
insert into RestaurantCategory (rest_id, cat_name) values (25, 'French');
insert into RestaurantCategory (rest_id, cat_name) values (58, 'Thai');
insert into RestaurantCategory (rest_id, cat_name) values (40, 'Seafood');
insert into RestaurantCategory (rest_id, cat_name) values (22, 'Chinese');
insert into RestaurantCategory (rest_id, cat_name) values (34, 'Seafood');
insert into RestaurantCategory (rest_id, cat_name) values (38, 'French');
insert into RestaurantCategory (rest_id, cat_name) values (36, 'Seafood');
insert into RestaurantCategory (rest_id, cat_name) values (39, 'Japanese');
insert into RestaurantCategory (rest_id, cat_name) values (14, 'Australian');
insert into RestaurantCategory (rest_id, cat_name) values (3, 'Vietnamese');
insert into RestaurantCategory (rest_id, cat_name) values (4, 'Mediterranean');
insert into RestaurantCategory (rest_id, cat_name) values (52, 'Seafood');
insert into RestaurantCategory (rest_id, cat_name) values (18, 'Mediterranean');
insert into RestaurantCategory (rest_id, cat_name) values (51, 'French');
insert into RestaurantCategory (rest_id, cat_name) values (49, 'Japanese');
insert into RestaurantCategory (rest_id, cat_name) values (42, 'Seafood');
insert into RestaurantCategory (rest_id, cat_name) values (31, 'Thai');
insert into RestaurantCategory (rest_id, cat_name) values (37, 'Thai');
insert into RestaurantCategory (rest_id, cat_name) values (2, 'Thai');
insert into RestaurantCategory (rest_id, cat_name) values (5, 'Japanese');
insert into RestaurantCategory (rest_id, cat_name) values (54, 'American');
insert into RestaurantCategory (rest_id, cat_name) values (37, 'Seafood');
insert into RestaurantCategory (rest_id, cat_name) values (12, 'Indonesian');
insert into RestaurantCategory (rest_id, cat_name) values (35, 'Mexican');
insert into RestaurantCategory (rest_id, cat_name) values (4, 'Korean');

create table Menu (
	menu_id INT AUTO_INCREMENT PRIMARY KEY,
	rest_id INT NOT NULL,
	FOREIGN KEY (rest_id) REFERENCES Restaurant(rest_id)
);

insert into Menu (menu_id, rest_id) values (1, 1);
insert into Menu (menu_id, rest_id) values (2, 2);
insert into Menu (menu_id, rest_id) values (3, 3);
insert into Menu (menu_id, rest_id) values (4, 4);
insert into Menu (menu_id, rest_id) values (5, 5);
insert into Menu (menu_id, rest_id) values (6, 6);
insert into Menu (menu_id, rest_id) values (7, 7);
insert into Menu (menu_id, rest_id) values (8, 8);
insert into Menu (menu_id, rest_id) values (9, 9);
insert into Menu (menu_id, rest_id) values (10, 10);
insert into Menu (menu_id, rest_id) values (11, 11);
insert into Menu (menu_id, rest_id) values (12, 12);
insert into Menu (menu_id, rest_id) values (13, 13);
insert into Menu (menu_id, rest_id) values (14, 14);
insert into Menu (menu_id, rest_id) values (15, 15);
insert into Menu (menu_id, rest_id) values (16, 16);
insert into Menu (menu_id, rest_id) values (17, 17);
insert into Menu (menu_id, rest_id) values (18, 18);
insert into Menu (menu_id, rest_id) values (19, 19);
insert into Menu (menu_id, rest_id) values (20, 20);
insert into Menu (menu_id, rest_id) values (21, 21);
insert into Menu (menu_id, rest_id) values (22, 22);
insert into Menu (menu_id, rest_id) values (23, 23);
insert into Menu (menu_id, rest_id) values (24, 24);
insert into Menu (menu_id, rest_id) values (25, 25);
insert into Menu (menu_id, rest_id) values (26, 26);
insert into Menu (menu_id, rest_id) values (27, 27);
insert into Menu (menu_id, rest_id) values (28, 28);
insert into Menu (menu_id, rest_id) values (29, 29);
insert into Menu (menu_id, rest_id) values (30, 30);
insert into Menu (menu_id, rest_id) values (31, 31);
insert into Menu (menu_id, rest_id) values (32, 32);
insert into Menu (menu_id, rest_id) values (33, 33);
insert into Menu (menu_id, rest_id) values (34, 34);
insert into Menu (menu_id, rest_id) values (35, 35);
insert into Menu (menu_id, rest_id) values (36, 36);
insert into Menu (menu_id, rest_id) values (37, 37);
insert into Menu (menu_id, rest_id) values (38, 38);
insert into Menu (menu_id, rest_id) values (39, 39);
insert into Menu (menu_id, rest_id) values (40, 40);
insert into Menu (menu_id, rest_id) values (41, 41);
insert into Menu (menu_id, rest_id) values (42, 42);
insert into Menu (menu_id, rest_id) values (43, 43);
insert into Menu (menu_id, rest_id) values (44, 44);
insert into Menu (menu_id, rest_id) values (45, 45);
insert into Menu (menu_id, rest_id) values (46, 46);
insert into Menu (menu_id, rest_id) values (47, 47);
insert into Menu (menu_id, rest_id) values (48, 48);
insert into Menu (menu_id, rest_id) values (49, 49);
insert into Menu (menu_id, rest_id) values (50, 50);
insert into Menu (menu_id, rest_id) values (51, 51);
insert into Menu (menu_id, rest_id) values (52, 52);
insert into Menu (menu_id, rest_id) values (53, 53);
insert into Menu (menu_id, rest_id) values (54, 54);
insert into Menu (menu_id, rest_id) values (55, 55);
insert into Menu (menu_id, rest_id) values (56, 56);
insert into Menu (menu_id, rest_id) values (57, 57);
insert into Menu (menu_id, rest_id) values (58, 58);
insert into Menu (menu_id, rest_id) values (59, 59);
insert into Menu (menu_id, rest_id) values (60, 60);


create table FoodCategory (
	food_category_name VARCHAR(50) NOT NULL,
	food_category_id INT PRIMARY KEY
);
insert into FoodCategory (food_category_name, food_category_id) values ('Breakfast', 1);
insert into FoodCategory (food_category_name, food_category_id) values ('Drinks', 2);
insert into FoodCategory (food_category_name, food_category_id) values ('Lunch', 3);
insert into FoodCategory (food_category_name, food_category_id) values ('Dinner', 4);
insert into FoodCategory (food_category_name, food_category_id) values ('Brunch', 5);
insert into FoodCategory (food_category_name, food_category_id) values ('Appetizer', 6);
insert into FoodCategory (food_category_name, food_category_id) values ('Cocktails', 7);
insert into FoodCategory (food_category_name, food_category_id) values ('Dessert', 8);

create table MenuItem (
	item_id INT AUTO_INCREMENT PRIMARY KEY,
	menu_id INT NOT NULL,
	food_category_id INT NOT NULL,
	item_name TEXT NOT NULL,
	item_description VARCHAR(500) NOT NULL,
	price DECIMAL(5,2) NOT NULL,
	item_availability BOOLEAN NOT NULL,
	FOREIGN KEY (menu_id) REFERENCES Menu(menu_id) ON UPDATE CASCADE ON DELETE RESTRICT,
	FOREIGN KEY (food_category_id) REFERENCES FoodCategory(food_category_id) ON UPDATE CASCADE
);

insert into MenuItem (item_id, menu_id, food_category_id, item_name, item_description, price, item_availability) values (1, 27, 5, 'izgiawr ktnfrk egrrjw', 'srjyqal xpvsxo xtjwyj', 206.87, false);
insert into MenuItem (item_id, menu_id, food_category_id, item_name, item_description, price, item_availability) values (2, 45, 3, 'gfrexhq nhutsr ksrolv', 'yvkcvbi qqfpxx fvdknx', 257.05, true);
insert into MenuItem (item_id, menu_id, food_category_id, item_name, item_description, price, item_availability) values (3, 51, 1, 'xisbtmr rjkjwu pnajpm', 'bixtnbq wsgtec afjxnk', 92.52, true);
insert into MenuItem (item_id, menu_id, food_category_id, item_name, item_description, price, item_availability) values (4, 36, 5, 'szkycqh ylsybj srvgvl', 'xqyavyo cyrlar hucmvs', 240.53, false);
insert into MenuItem (item_id, menu_id, food_category_id, item_name, item_description, price, item_availability) values (5, 46, 4, 'okxdfcu unbqnd prjiuf', 'zbhvdas gpvcuf zawzrk', 218.66, true);
insert into MenuItem (item_id, menu_id, food_category_id, item_name, item_description, price, item_availability) values (6, 11, 3, 'dahwbdp mibegn kolpli', 'dzrgxqh radclk qmpnzl', 473.08, true);
insert into MenuItem (item_id, menu_id, food_category_id, item_name, item_description, price, item_availability) values (7, 11, 3, 'hlscnsq pliygk rruyze', 'tsbzffe hnjxut xbmwpc', 449.99, false);
insert into MenuItem (item_id, menu_id, food_category_id, item_name, item_description, price, item_availability) values (8, 50, 6, 'qbnjsgu kfzgtm eurfxp', 'tsgkbbr camibj ixjawt', 482.58, true);
insert into MenuItem (item_id, menu_id, food_category_id, item_name, item_description, price, item_availability) values (9, 58, 6, 'qbrnlnz ewadpd baubkm', 'lvdbdxn pysjwc meqhnn', 405.9, false);
insert into MenuItem (item_id, menu_id, food_category_id, item_name, item_description, price, item_availability) values (10, 54, 2, 'bswobpi ajofii vrmzgm', 'fhdhrsl vtpibn edcocu', 491.58, false);
insert into MenuItem (item_id, menu_id, food_category_id, item_name, item_description, price, item_availability) values (11, 42, 1, 'tfwsexc nzrtwe wadise', 'eeyspny cturpb lenglq', 473.59, false);
insert into MenuItem (item_id, menu_id, food_category_id, item_name, item_description, price, item_availability) values (12, 29, 4, 'mnqhfro rubvwk mpohbb', 'mjitnac lkuuea hdzgmn', 164.73, false);
insert into MenuItem (item_id, menu_id, food_category_id, item_name, item_description, price, item_availability) values (13, 29, 6, 'uudlenx cbzqli kmipdc', 'bhcxsbt sfsggo bxdfha', 485.5, true);
insert into MenuItem (item_id, menu_id, food_category_id, item_name, item_description, price, item_availability) values (14, 34, 1, 'agqiuly kfedci koxzzh', 'cizobgt zyjmqi mbwujr', 449.55, false);
insert into MenuItem (item_id, menu_id, food_category_id, item_name, item_description, price, item_availability) values (15, 4, 8, 'dmtoxdm nyvjji gvatfe', 'vvivwhv mgpjgg drkwgw', 66.86, false);
insert into MenuItem (item_id, menu_id, food_category_id, item_name, item_description, price, item_availability) values (16, 2, 7, 'vtzoami mfvazo izabeh', 'odexxay iaheqc qufxxs', 446.49, true);
insert into MenuItem (item_id, menu_id, food_category_id, item_name, item_description, price, item_availability) values (17, 56, 8, 'qutwvhx lwaiod dyukvt', 'pnuqpei nmftwf hpuwwt', 225.03, false);
insert into MenuItem (item_id, menu_id, food_category_id, item_name, item_description, price, item_availability) values (18, 28, 3, 'povubrl ffidoz epwzhy', 'ajnatja rndptj ulrcrl', 3.05, false);
insert into MenuItem (item_id, menu_id, food_category_id, item_name, item_description, price, item_availability) values (19, 16, 1, 'txauqoj fbuorj jtdlhh', 'gveksst jlotig qddccv', 407.62, true);
insert into MenuItem (item_id, menu_id, food_category_id, item_name, item_description, price, item_availability) values (20, 21, 1, 'rjddhdp omjrpl fxnegu', 'eoqvdll fqeigv cvmkeo', 481.11, true);
insert into MenuItem (item_id, menu_id, food_category_id, item_name, item_description, price, item_availability) values (21, 1, 5, 'peenorz xhndeo nuicyp', 'gjmegdl ymkvfq yrndpc', 248.76, false);
insert into MenuItem (item_id, menu_id, food_category_id, item_name, item_description, price, item_availability) values (22, 7, 3, 'eivvwzm zdgzfm dtqzfq', 'agkwocz ibiqsm pqziew', 151.34, true);
insert into MenuItem (item_id, menu_id, food_category_id, item_name, item_description, price, item_availability) values (23, 33, 1, 'pbxunof vdlgsr tzdbow', 'ojhywwi bflixk rwlqlh', 418.52, true);
insert into MenuItem (item_id, menu_id, food_category_id, item_name, item_description, price, item_availability) values (24, 19, 8, 'oazhhar twkryq oikbhh', 'qsdhlbn ozthtm glqlef', 359.69, true);
insert into MenuItem (item_id, menu_id, food_category_id, item_name, item_description, price, item_availability) values (25, 41, 8, 'hsndenl mnxcos ewvghq', 'lgzoktj klzijh xqltiw', 363.86, true);
insert into MenuItem (item_id, menu_id, food_category_id, item_name, item_description, price, item_availability) values (26, 41, 1, 'zetztxi kdakum pmntji', 'rthoqzs wmiles ncuteo', 83.77, true);
insert into MenuItem (item_id, menu_id, food_category_id, item_name, item_description, price, item_availability) values (27, 20, 6, 'hjguxgm qvfbzs juqbsn', 'xogygiy wkxwwp esszka', 14.68, true);
insert into MenuItem (item_id, menu_id, food_category_id, item_name, item_description, price, item_availability) values (28, 35, 8, 'btiyygt vqmpjf heikpt', 'eocnhev axhhaf obqcrn', 169.66, true);
insert into MenuItem (item_id, menu_id, food_category_id, item_name, item_description, price, item_availability) values (29, 17, 1, 'wkrqhdr vwosus yhmhxn', 'kyskzfz sbgglc ptbhad', 172.38, true);
insert into MenuItem (item_id, menu_id, food_category_id, item_name, item_description, price, item_availability) values (30, 45, 7, 'rwwourd piuhdv ltztrf', 'xpcnrzq ekesmm hinplg', 6.29, true);
insert into MenuItem (item_id, menu_id, food_category_id, item_name, item_description, price, item_availability) values (31, 25, 2, 'ffookvz bkvwnm khvrfe', 'lsywpzq trwpdn llufjo', 422.65, true);
insert into MenuItem (item_id, menu_id, food_category_id, item_name, item_description, price, item_availability) values (32, 51, 4, 'zvvwioz vdzmdv fbnkvh', 'sqdtaoc sssbhh duqsia', 367.09, false);
insert into MenuItem (item_id, menu_id, food_category_id, item_name, item_description, price, item_availability) values (33, 59, 1, 'jrfytqq kqllwr jlqapv', 'lqqmmzv jhtuev bnyxze', 425.09, true);
insert into MenuItem (item_id, menu_id, food_category_id, item_name, item_description, price, item_availability) values (34, 52, 6, 'gldpnux ubvnjf vvxixk', 'cncujxx jjwdcv yvsqsk', 11.18, true);
insert into MenuItem (item_id, menu_id, food_category_id, item_name, item_description, price, item_availability) values (35, 50, 4, 'ajjpirw fywttb tnovqt', 'ubrqkdc flxqix copxng', 194.03, false);
insert into MenuItem (item_id, menu_id, food_category_id, item_name, item_description, price, item_availability) values (36, 18, 5, 'aznlfuq uedtrh jivtpf', 'zhxspfw evelbc abzorp', 350.99, false);
insert into MenuItem (item_id, menu_id, food_category_id, item_name, item_description, price, item_availability) values (37, 52, 2, 'xfvdfjm jsjqhp zmuzjo', 'lawbhlk gtebfi poenff', 493.6, true);
insert into MenuItem (item_id, menu_id, food_category_id, item_name, item_description, price, item_availability) values (38, 1, 2, 'vqnkrhp yktcti sbhuzi', 'mriehvx kkpvmp nbrrdl', 55.24, false);
insert into MenuItem (item_id, menu_id, food_category_id, item_name, item_description, price, item_availability) values (39, 1, 5, 'vrlybee hzfmge awoucp', 'qeabetc eomajn zbclar', 138.48, false);
insert into MenuItem (item_id, menu_id, food_category_id, item_name, item_description, price, item_availability) values (40, 43, 3, 'edlgkiu ufwcfc bklpmi', 'uolyhon sjtnel zznalh', 47.03, false);
insert into MenuItem (item_id, menu_id, food_category_id, item_name, item_description, price, item_availability) values (41, 54, 1, 'hiyatpm sdldtg fjpxpq', 'biwsryu dntcre hsrebw', 323.95, false);
insert into MenuItem (item_id, menu_id, food_category_id, item_name, item_description, price, item_availability) values (42, 40, 5, 'uyattos zbxhkk kqbzec', 'brvohbg kflovb mdvqlr', 21.68, true);
insert into MenuItem (item_id, menu_id, food_category_id, item_name, item_description, price, item_availability) values (43, 19, 2, 'bkrftyy iydeeg giiigq', 'cnbprsb fgqdho gyqltc', 210.48, true);
insert into MenuItem (item_id, menu_id, food_category_id, item_name, item_description, price, item_availability) values (44, 7, 5, 'qrirvby efqjyl rzndfh', 'myutvig rkvopb hfaqpv', 266.26, false);
insert into MenuItem (item_id, menu_id, food_category_id, item_name, item_description, price, item_availability) values (45, 58, 5, 'bvscbeu cbyekx yjjmyq', 'uwwmygo snuzzy dtwzjy', 114.1, false);
insert into MenuItem (item_id, menu_id, food_category_id, item_name, item_description, price, item_availability) values (46, 60, 8, 'hdwhwuz lzsgjl miokna', 'guivmhr mlvxit yoovfx', 207.9, false);
insert into MenuItem (item_id, menu_id, food_category_id, item_name, item_description, price, item_availability) values (47, 60, 2, 'tbomoxv mffpmh utgrqh', 'cxehyso hjgosr shcbwm', 145.27, true);
insert into MenuItem (item_id, menu_id, food_category_id, item_name, item_description, price, item_availability) values (48, 42, 1, 'zgolxwt gqrmii sddoxx', 'nrhldca rgoneb mkvgbp', 2.61, true);
insert into MenuItem (item_id, menu_id, food_category_id, item_name, item_description, price, item_availability) values (49, 16, 1, 'sqrwdyz ytcelb szprcj', 'lqckrxr ahkddu sgilwp', 105.83, true);
insert into MenuItem (item_id, menu_id, food_category_id, item_name, item_description, price, item_availability) values (50, 33, 7, 'jpnbadk aoxkvs yludnr', 'ntebwdx ozvqbh sqcupj', 198.01, true);
insert into MenuItem (item_id, menu_id, food_category_id, item_name, item_description, price, item_availability) values (51, 54, 3, 'xicnber xfaxhh uxhqxb', 'kphtyft musyyv zcygkc', 462.94, true);
insert into MenuItem (item_id, menu_id, food_category_id, item_name, item_description, price, item_availability) values (52, 60, 5, 'psozwbn rhdcfd nwwtho', 'wiqkqvf aggwei lzbodp', 247.78, true);
insert into MenuItem (item_id, menu_id, food_category_id, item_name, item_description, price, item_availability) values (53, 34, 3, 'oicnrrv dmzijd vsnint', 'kfuxbaq mmpixq kcypnh', 153.46, false);
insert into MenuItem (item_id, menu_id, food_category_id, item_name, item_description, price, item_availability) values (54, 53, 8, 'opginwq xpxiue ypcspb', 'wpxuhdi yjhfhb rrsxgf', 87.21, false);
insert into MenuItem (item_id, menu_id, food_category_id, item_name, item_description, price, item_availability) values (55, 60, 7, 'gktgdkp qpaxpl dgtzof', 'ppafrnr yjolco bgkjcj', 272.31, true);
insert into MenuItem (item_id, menu_id, food_category_id, item_name, item_description, price, item_availability) values (56, 27, 5, 'fegsszp ncyrzg ujlngw', 'jyzmmqe fyygki mphdxm', 299.54, false);
insert into MenuItem (item_id, menu_id, food_category_id, item_name, item_description, price, item_availability) values (57, 19, 2, 'koinwts elkxeh ogezdm', 'aqqwgrt nktxrh dckllk', 441.52, true);
insert into MenuItem (item_id, menu_id, food_category_id, item_name, item_description, price, item_availability) values (58, 32, 7, 'zyijqtk ozizzq inpwih', 'ujtqkgc qnxmft mfhnan', 351.81, true);
insert into MenuItem (item_id, menu_id, food_category_id, item_name, item_description, price, item_availability) values (59, 51, 5, 'kwwiiaz prbkql srloqa', 'vrvowdb ylrdpv lobcnj', 315.14, false);
insert into MenuItem (item_id, menu_id, food_category_id, item_name, item_description, price, item_availability) values (60, 21, 1, 'gdacwuc riirss axrzww', 'fovdugp zarsdy yrfsna', 143.27, true);
insert into MenuItem (item_id, menu_id, food_category_id, item_name, item_description, price, item_availability) values (61, 14, 2, 'utnqapa gxrovb jrdrxo', 'qbuhgqk tmggok lqudkc', 204.41, false);
insert into MenuItem (item_id, menu_id, food_category_id, item_name, item_description, price, item_availability) values (62, 55, 5, 'eqrrabp sqdwfw iguars', 'loljzcu hixsyg hkvudn', 145.72, false);
insert into MenuItem (item_id, menu_id, food_category_id, item_name, item_description, price, item_availability) values (63, 42, 4, 'diryikv mkvhhn uqakjh', 'tfnbvuj fdabps wwfsmv', 261.77, false);
insert into MenuItem (item_id, menu_id, food_category_id, item_name, item_description, price, item_availability) values (64, 42, 2, 'xumedki bqcyjy lvofph', 'kgeizpn mosymj kqtzrz', 113.4, false);
insert into MenuItem (item_id, menu_id, food_category_id, item_name, item_description, price, item_availability) values (65, 27, 8, 'cjsuuax smbqwq ccgwet', 'nnsfrxh hfsnyi rzvrvj', 195.68, true);
insert into MenuItem (item_id, menu_id, food_category_id, item_name, item_description, price, item_availability) values (66, 37, 3, 'tgsieql ejocxt gvnmfx', 'ijzglpv ylpspn inebim', 191.83, false);
insert into MenuItem (item_id, menu_id, food_category_id, item_name, item_description, price, item_availability) values (67, 30, 1, 'dzzpdtg wrqqde gjsfup', 'pvduebh dkmfhl qgcoey', 173.65, true);
insert into MenuItem (item_id, menu_id, food_category_id, item_name, item_description, price, item_availability) values (68, 38, 8, 'veuqakb xmpeiu mepbpq', 'jwgoaan hddkrp cmkiuv', 88.38, false);
insert into MenuItem (item_id, menu_id, food_category_id, item_name, item_description, price, item_availability) values (69, 46, 8, 'aphdueb culhxv antkub', 'gcqhsvh vpjaqz flhypp', 55.5, true);
insert into MenuItem (item_id, menu_id, food_category_id, item_name, item_description, price, item_availability) values (70, 6, 3, 'yapzqgn zhvxav nwxrci', 'klpticw ebfayc yfurog', 371.11, true);
insert into MenuItem (item_id, menu_id, food_category_id, item_name, item_description, price, item_availability) values (71, 5, 1, 'pyvmwqr qqgxzo mlktpf', 'zhlseaq dunvxv dfetwv', 209.53, true);
insert into MenuItem (item_id, menu_id, food_category_id, item_name, item_description, price, item_availability) values (72, 41, 3, 'hgeznev xkgave vvywlh', 'gfanbis fsgxok ijhtjk', 143.87, true);
insert into MenuItem (item_id, menu_id, food_category_id, item_name, item_description, price, item_availability) values (73, 32, 7, 'widipel ladaue eafqtt', 'luvapli jwidgm dfugsw', 117.57, true);
insert into MenuItem (item_id, menu_id, food_category_id, item_name, item_description, price, item_availability) values (74, 60, 2, 'hphvjsh natufo vjzjnz', 'vphcawa oozfys kpyyfz', 364.41, true);
insert into MenuItem (item_id, menu_id, food_category_id, item_name, item_description, price, item_availability) values (75, 13, 1, 'qfqmoce odbbiw ufjecx', 'onthvsa yiwuuo xzmuzz', 472.17, false);
insert into MenuItem (item_id, menu_id, food_category_id, item_name, item_description, price, item_availability) values (76, 29, 6, 'cfaukca vwgxlx boqomv', 'fuqrwqi oigkhk ebqllg', 158.15, true);
insert into MenuItem (item_id, menu_id, food_category_id, item_name, item_description, price, item_availability) values (77, 42, 7, 'pqizhet gfalpz lqyyfn', 'qjlpeuc cwjdgu zijswv', 48.68, false);
insert into MenuItem (item_id, menu_id, food_category_id, item_name, item_description, price, item_availability) values (78, 37, 3, 'cuiejbp avhgsh hcotem', 'ywguqds ogevkm etxyrp', 398.91, false);
insert into MenuItem (item_id, menu_id, food_category_id, item_name, item_description, price, item_availability) values (79, 57, 7, 'zfsguhg tqkynl dqvvkt', 'pqfbixj gnrozh rppxag', 225.34, true);
insert into MenuItem (item_id, menu_id, food_category_id, item_name, item_description, price, item_availability) values (80, 57, 6, 'nfkucnn kriomc dyjspr', 'sboyxqd bycyys uiqthh', 405.68, false);
insert into MenuItem (item_id, menu_id, food_category_id, item_name, item_description, price, item_availability) values (81, 5, 1, 'mazhxhu pldvhf bvmbqh', 'frvfene mubudw hfeolm', 443.8, false);
insert into MenuItem (item_id, menu_id, food_category_id, item_name, item_description, price, item_availability) values (82, 24, 7, 'nxrjzye uzdnbc qywdny', 'kjzsoka xtorrx tfthen', 421.89, false);
insert into MenuItem (item_id, menu_id, food_category_id, item_name, item_description, price, item_availability) values (83, 12, 2, 'erypror zkptpv hwyrxv', 'mqnivck thpeao pspdyg', 50.35, false);
insert into MenuItem (item_id, menu_id, food_category_id, item_name, item_description, price, item_availability) values (84, 11, 7, 'bxsghwn yliyju imnxmy', 'jiaooeo ssmscb iaesqg', 86.11, true);
insert into MenuItem (item_id, menu_id, food_category_id, item_name, item_description, price, item_availability) values (85, 7, 6, 'makslma rupnkf jqznrx', 'bcsbxja jjhuav awoifk', 359.76, false);
insert into MenuItem (item_id, menu_id, food_category_id, item_name, item_description, price, item_availability) values (86, 56, 5, 'hixkbbd hahuhw swssdh', 'nheprlj fgtcxv gtofch', 107.05, false);
insert into MenuItem (item_id, menu_id, food_category_id, item_name, item_description, price, item_availability) values (87, 21, 5, 'msmaueh nkzilo reujxj', 'ldgsshe mnykpx luatth', 188.95, false);
insert into MenuItem (item_id, menu_id, food_category_id, item_name, item_description, price, item_availability) values (88, 42, 5, 'ofviqsa jcfxex ojpmew', 'hydbhmq ymrvvq ubvndy', 315.97, true);
insert into MenuItem (item_id, menu_id, food_category_id, item_name, item_description, price, item_availability) values (89, 11, 1, 'xtzksxx ealcir ukljan', 'iesrjvt boryer scnrmn', 34.18, false);
insert into MenuItem (item_id, menu_id, food_category_id, item_name, item_description, price, item_availability) values (90, 34, 5, 'umzrmsn nezpij thdwsu', 'kkcjyxb ryqykr ejmitc', 439.07, true);
insert into MenuItem (item_id, menu_id, food_category_id, item_name, item_description, price, item_availability) values (91, 34, 4, 'pjjngff nyhuhf imvvzc', 'hwamlpe fubaww zvgniw', 82.67, false);
insert into MenuItem (item_id, menu_id, food_category_id, item_name, item_description, price, item_availability) values (92, 54, 6, 'zvnddns duhbtj hdymuo', 'fufjktb qeyilb cjfrwd', 144.4, false);
insert into MenuItem (item_id, menu_id, food_category_id, item_name, item_description, price, item_availability) values (93, 27, 6, 'zgnjeah uesale wzgaqu', 'xuuvevi qhhnvu geojgf', 242.34, false);
insert into MenuItem (item_id, menu_id, food_category_id, item_name, item_description, price, item_availability) values (94, 27, 7, 'wqpvyta hftbdy eufqag', 'nsgqgch fspyxh avbhee', 171.11, false);
insert into MenuItem (item_id, menu_id, food_category_id, item_name, item_description, price, item_availability) values (95, 29, 8, 'wyyumre twvvhg gedivs', 'qmlvqrg pcbhwp lxccej', 105.98, false);
insert into MenuItem (item_id, menu_id, food_category_id, item_name, item_description, price, item_availability) values (96, 41, 3, 'lxzxpvl ibmwyo nzjter', 'ivachvv hividg gddwmd', 4.93, true);
insert into MenuItem (item_id, menu_id, food_category_id, item_name, item_description, price, item_availability) values (97, 35, 3, 'tvmgjza pnhtvo dpbesd', 'kyhwnwr kjnzbj rlyzjk', 33.22, true);
insert into MenuItem (item_id, menu_id, food_category_id, item_name, item_description, price, item_availability) values (98, 6, 3, 'flkhoqu nxugym ltxfwo', 'typtdfo tifixd msumig', 347.59, false);
insert into MenuItem (item_id, menu_id, food_category_id, item_name, item_description, price, item_availability) values (99, 41, 2, 'mmcqrkk dgmrpc lzucqq', 'ffmgwkx dqmdwu ohtwiv', 491.28, true);
insert into MenuItem (item_id, menu_id, food_category_id, item_name, item_description, price, item_availability) values (100, 7, 7, 'jtevhbo zjdafx yexyet', 'jbhuvuc vcptpw aelpaz', 445.61, true);
insert into MenuItem (item_id, menu_id, food_category_id, item_name, item_description, price, item_availability) values (101, 8, 6, 'sxvigro gsbntk ceawtt', 'prncdxq cvpgxa fmgimx', 347.74, false);
insert into MenuItem (item_id, menu_id, food_category_id, item_name, item_description, price, item_availability) values (102, 28, 6, 'kjohnfv eomwgr eixqce', 'wwravvk xautpi dluivg', 440.18, true);
insert into MenuItem (item_id, menu_id, food_category_id, item_name, item_description, price, item_availability) values (103, 17, 1, 'gbciioi yzmdoy bpaltj', 'ljdhjuv skrbzv lwnhfr', 345.41, false);
insert into MenuItem (item_id, menu_id, food_category_id, item_name, item_description, price, item_availability) values (104, 8, 8, 'hkgpcuy rfprcn ohcwqj', 'teafnjq qfxzlc qyqyzf', 193.38, false);
insert into MenuItem (item_id, menu_id, food_category_id, item_name, item_description, price, item_availability) values (105, 40, 3, 'wqlhaoo omjkdq ozddmv', 'fsfmmen mzxzjr pfdibm', 66.28, false);
insert into MenuItem (item_id, menu_id, food_category_id, item_name, item_description, price, item_availability) values (106, 7, 8, 'nhrifea qfsyvr njwiun', 'itcrxky dvrdzz jklseb', 320.09, false);
insert into MenuItem (item_id, menu_id, food_category_id, item_name, item_description, price, item_availability) values (107, 8, 5, 'hybpktp jsfatf epievm', 'zzerxrh ntghbs hyfyhf', 253.31, false);
insert into MenuItem (item_id, menu_id, food_category_id, item_name, item_description, price, item_availability) values (108, 3, 1, 'xlxmlbk tuqmrr dcewez', 'njtsuab mwhkut pnsbjt', 165.94, false);
insert into MenuItem (item_id, menu_id, food_category_id, item_name, item_description, price, item_availability) values (109, 33, 6, 'orujjdj sacqvt wxyqmn', 'sdgcmdj utdrnp jlekkf', 494.56, true);
insert into MenuItem (item_id, menu_id, food_category_id, item_name, item_description, price, item_availability) values (110, 47, 5, 'jdjhhqk zpqzjm nrtigk', 'otkdbzo ebnbvk aolzkg', 318.03, false);
insert into MenuItem (item_id, menu_id, food_category_id, item_name, item_description, price, item_availability) values (111, 4, 7, 'nfmunjd mrwphx zquxqv', 'pxbjcdz gcypqe esraad', 273.46, true);
insert into MenuItem (item_id, menu_id, food_category_id, item_name, item_description, price, item_availability) values (112, 24, 5, 'pzqeiyg zaclem jxtpks', 'jkqpadz nyhabf ctdcab', 466.2, true);
insert into MenuItem (item_id, menu_id, food_category_id, item_name, item_description, price, item_availability) values (113, 58, 4, 'dcfzkqv pvnlud leevop', 'sqrmxiw ztdpxd qpenpv', 216.53, false);
insert into MenuItem (item_id, menu_id, food_category_id, item_name, item_description, price, item_availability) values (114, 22, 2, 'imigurv ithvdd nnicaz', 'pwvvkbs dgmicv rxkaqh', 361.38, true);
insert into MenuItem (item_id, menu_id, food_category_id, item_name, item_description, price, item_availability) values (115, 37, 3, 'qxnlbry vuaorv vbagml', 'bkqwmpl kwsptu pzrrds', 429.37, false);
insert into MenuItem (item_id, menu_id, food_category_id, item_name, item_description, price, item_availability) values (116, 9, 2, 'oomlnwe xkllvo tgabfp', 'skllbsp mbppdo tnkogh', 84.23, true);
insert into MenuItem (item_id, menu_id, food_category_id, item_name, item_description, price, item_availability) values (117, 26, 5, 'uiicfdp mavyms bftizh', 'gsrlhcy rwexqr ydhzmp', 29.74, false);
insert into MenuItem (item_id, menu_id, food_category_id, item_name, item_description, price, item_availability) values (118, 11, 1, 'pdyasaw dxrofu rwdgvh', 'gigfrhg szjzyo nqltcj', 338.75, false);
insert into MenuItem (item_id, menu_id, food_category_id, item_name, item_description, price, item_availability) values (119, 49, 2, 'nhlxure joicnv qufomq', 'loxqdzw cmvkak fdfllw', 76.72, false);
insert into MenuItem (item_id, menu_id, food_category_id, item_name, item_description, price, item_availability) values (120, 58, 4, 'ynbrvps uwvipy nryecz', 'burlhqv vffbyc awxgtr', 329.72, false);
insert into MenuItem (item_id, menu_id, food_category_id, item_name, item_description, price, item_availability) values (121, 21, 6, 'lzidnuq lfcruu nxpzmv', 'vzpuwte oaeegh siixab', 168.52, true);
insert into MenuItem (item_id, menu_id, food_category_id, item_name, item_description, price, item_availability) values (122, 53, 2, 'ibrywli mnjywy zxzrxf', 'namigdb uphjai vqsork', 93.66, true);
insert into MenuItem (item_id, menu_id, food_category_id, item_name, item_description, price, item_availability) values (123, 21, 6, 'gvgxsrj asgfwh eqhech', 'gvapcww eyvfll gmaawu', 351.8, false);
insert into MenuItem (item_id, menu_id, food_category_id, item_name, item_description, price, item_availability) values (124, 28, 8, 'kbzojqj shdbqt tgdizr', 'wocfdqv tzjebj jdugvv', 262.77, false);
insert into MenuItem (item_id, menu_id, food_category_id, item_name, item_description, price, item_availability) values (125, 1, 6, 'dcjiods lsevsx fgcpah', 'iuwttht wfqsxa xejzgg', 185.05, false);
insert into MenuItem (item_id, menu_id, food_category_id, item_name, item_description, price, item_availability) values (126, 46, 7, 'wogcofz gnrsot ctmaov', 'qqalrjj rjdlws awvdrf', 375.5, false);
insert into MenuItem (item_id, menu_id, food_category_id, item_name, item_description, price, item_availability) values (127, 47, 8, 'cbchtsi jgeeku lnuddr', 'tzppipr svuxpt azswta', 353.44, false);
insert into MenuItem (item_id, menu_id, food_category_id, item_name, item_description, price, item_availability) values (128, 12, 7, 'uyczeoh qdqhpt vrvuho', 'dlbgvzm tdmaul qbwzda', 396.41, true);
insert into MenuItem (item_id, menu_id, food_category_id, item_name, item_description, price, item_availability) values (129, 22, 3, 'jjurevt mdizva ubwsdi', 'feoelmw dggvca awrimh', 391.15, false);
insert into MenuItem (item_id, menu_id, food_category_id, item_name, item_description, price, item_availability) values (130, 1, 6, 'lgcntdv cbmfsv etmvza', 'odslddx avnpmf aojsev', 10.69, true);
insert into MenuItem (item_id, menu_id, food_category_id, item_name, item_description, price, item_availability) values (131, 42, 1, 'dgdcajw vpkrzl gkejlu', 'aqqcnkt iipqkl fjphck', 136.89, true);
insert into MenuItem (item_id, menu_id, food_category_id, item_name, item_description, price, item_availability) values (132, 11, 7, 'npfbjgp anmowk yzbnnb', 'dcfpjpw oozqvg gtgbgt', 380.31, false);
insert into MenuItem (item_id, menu_id, food_category_id, item_name, item_description, price, item_availability) values (133, 58, 2, 'xfsjjzs yqkgve wtmopm', 'jfyojeg cosljx vbdyvs', 358.88, false);
insert into MenuItem (item_id, menu_id, food_category_id, item_name, item_description, price, item_availability) values (134, 7, 7, 'pkaowto murpyg ajocof', 'rqzqxck coueio mhcgnq', 328.23, false);
insert into MenuItem (item_id, menu_id, food_category_id, item_name, item_description, price, item_availability) values (135, 12, 4, 'xnxdufy xruduv dmjzvj', 'nkerukv bnazan iezbex', 347.71, false);
insert into MenuItem (item_id, menu_id, food_category_id, item_name, item_description, price, item_availability) values (136, 40, 4, 'rviaxsw xhgpdi ypmtlu', 'tqrleyt zsvdxr gdubrr', 122.01, false);
insert into MenuItem (item_id, menu_id, food_category_id, item_name, item_description, price, item_availability) values (137, 1, 1, 'kjzouhk ajjnwl flpybl', 'zizoxbr aqfexa fvfavj', 246.49, false);
insert into MenuItem (item_id, menu_id, food_category_id, item_name, item_description, price, item_availability) values (138, 50, 6, 'srfigvo exziuo rlcese', 'xzaibsb khoyyh ayewso', 15.99, true);
insert into MenuItem (item_id, menu_id, food_category_id, item_name, item_description, price, item_availability) values (139, 35, 6, 'pwczqys remyxs jqjoea', 'rxbprrv rcecbe hmmhvt', 280.48, false);
insert into MenuItem (item_id, menu_id, food_category_id, item_name, item_description, price, item_availability) values (140, 37, 1, 'vazcvrx bphzhb pgvaxg', 'nzsnfyq liwvye cjzitx', 339.41, true);
insert into MenuItem (item_id, menu_id, food_category_id, item_name, item_description, price, item_availability) values (141, 15, 6, 'wqetznz opwlwz mfvquv', 'mcdlopo wccopl sneqca', 457.2, false);
insert into MenuItem (item_id, menu_id, food_category_id, item_name, item_description, price, item_availability) values (142, 57, 1, 'mqexnya oyevaa qgeayn', 'lrwodro rtondu dfiuhp', 52.07, true);
insert into MenuItem (item_id, menu_id, food_category_id, item_name, item_description, price, item_availability) values (143, 31, 4, 'fqgxyxt elocxm slyejz', 'wbgmpzm cdtjht ltqxgg', 372.98, false);
insert into MenuItem (item_id, menu_id, food_category_id, item_name, item_description, price, item_availability) values (144, 58, 1, 'fppkhpv pdunyy bsncpr', 'ddmuijy cikhay ykfrgk', 64.54, true);
insert into MenuItem (item_id, menu_id, food_category_id, item_name, item_description, price, item_availability) values (145, 12, 1, 'tiiebfj schqti xxemzc', 'kvihnxg nhplcj peddis', 50.03, true);
insert into MenuItem (item_id, menu_id, food_category_id, item_name, item_description, price, item_availability) values (146, 60, 8, 'kqbjwvj snuaav xsruyk', 'ljwqnkw zxrdlf gjuufd', 441.13, false);
insert into MenuItem (item_id, menu_id, food_category_id, item_name, item_description, price, item_availability) values (147, 48, 6, 'vwdwpdp lkgdla vjhwuk', 'fxyznox nevxkj rzdxqh', 444.45, false);
insert into MenuItem (item_id, menu_id, food_category_id, item_name, item_description, price, item_availability) values (148, 57, 2, 'oyzznmh smswvb kwupng', 'knmfbjh lcfylg frphkr', 299.51, false);
insert into MenuItem (item_id, menu_id, food_category_id, item_name, item_description, price, item_availability) values (149, 43, 1, 'omjhhcy eqiwue baksux', 'wyetbef xdemrj eoezth', 247.73, false);
insert into MenuItem (item_id, menu_id, food_category_id, item_name, item_description, price, item_availability) values (150, 53, 2, 'wulzvqq ugybaa akacvo', 'mbuigdc adgqom exnoms', 71.19, true);
insert into MenuItem (item_id, menu_id, food_category_id, item_name, item_description, price, item_availability) values (151, 1, 7, 'pddeefh xpytut jfiput', 'fwudlhd gozpda fbbezc', 287.73, true);
insert into MenuItem (item_id, menu_id, food_category_id, item_name, item_description, price, item_availability) values (152, 5, 2, 'digxoix axhzxg fnklzy', 'wcaixua fgfrhm qurpoc', 186.27, false);
insert into MenuItem (item_id, menu_id, food_category_id, item_name, item_description, price, item_availability) values (153, 60, 1, 'wpegrzw gtxhfq jlbkyj', 'ifrkgzk jkobzb phdwvy', 385.09, false);
insert into MenuItem (item_id, menu_id, food_category_id, item_name, item_description, price, item_availability) values (154, 28, 4, 'rmixxpa gfpear gjcfbp', 'blfvefc viawyk dmznvu', 498.22, true);
insert into MenuItem (item_id, menu_id, food_category_id, item_name, item_description, price, item_availability) values (155, 28, 3, 'vnsvkqe kjydki oicktw', 'urbmkpf bnykfw jhmtqh', 220.3, false);
insert into MenuItem (item_id, menu_id, food_category_id, item_name, item_description, price, item_availability) values (156, 59, 4, 'tkshfrd egmecq ezkkvs', 'shiaier nvcjia vcvmah', 137.38, true);
insert into MenuItem (item_id, menu_id, food_category_id, item_name, item_description, price, item_availability) values (157, 38, 6, 'rsuazjv ppxgbf arpczb', 'pvxolgj debsug fmateu', 291.28, true);
insert into MenuItem (item_id, menu_id, food_category_id, item_name, item_description, price, item_availability) values (158, 54, 5, 'jmamvia rejzor wcfdsr', 'ekhoavn sxubof qrsobb', 367.32, false);
insert into MenuItem (item_id, menu_id, food_category_id, item_name, item_description, price, item_availability) values (159, 31, 1, 'fbjljvd cjmcik zmxdad', 'dwipliv vvgnyq iolwhh', 252.82, false);
insert into MenuItem (item_id, menu_id, food_category_id, item_name, item_description, price, item_availability) values (160, 30, 8, 'hvhmsfu mfugwp xonzpl', 'qkbhrjz egiohz zygmiw', 347.42, true);
insert into MenuItem (item_id, menu_id, food_category_id, item_name, item_description, price, item_availability) values (161, 24, 4, 'bsjbdct ybhujm tmsgxs', 'regrtjp jnqdho evdsbv', 164.54, true);
insert into MenuItem (item_id, menu_id, food_category_id, item_name, item_description, price, item_availability) values (162, 14, 8, 'eiugrls wpguvq tiymhj', 'daojldn olmamp hjhije', 164.06, false);
insert into MenuItem (item_id, menu_id, food_category_id, item_name, item_description, price, item_availability) values (163, 28, 7, 'cyoijzu dzkrwj tpnavw', 'oxxpqzg erjkho yrjgcl', 489.06, true);
insert into MenuItem (item_id, menu_id, food_category_id, item_name, item_description, price, item_availability) values (164, 45, 1, 'kppuutk dznmyb ylafkb', 'gozaiyr kcfsvd bunlnu', 46.1, true);
insert into MenuItem (item_id, menu_id, food_category_id, item_name, item_description, price, item_availability) values (165, 28, 1, 'iswfenm gastqu ptkqsy', 'nqklqjd hgontn rretiu', 376.17, true);
insert into MenuItem (item_id, menu_id, food_category_id, item_name, item_description, price, item_availability) values (166, 5, 7, 'tkpiybe zefjsd tmemsu', 'ktokkpw ggneeo cencuk', 314.68, true);
insert into MenuItem (item_id, menu_id, food_category_id, item_name, item_description, price, item_availability) values (167, 12, 7, 'mgnnihq mdbhwn wnyuxi', 'zppcntu zhzvhl ogazoa', 370.46, false);
insert into MenuItem (item_id, menu_id, food_category_id, item_name, item_description, price, item_availability) values (168, 53, 1, 'kzcmgdd gbomea ntlrlq', 'gwzcwll sforkt sseltf', 157.09, true);
insert into MenuItem (item_id, menu_id, food_category_id, item_name, item_description, price, item_availability) values (169, 24, 5, 'mxowtnz mctmmy uwrpyx', 'qnsxgyi ktwnem uwyetf', 453.53, false);
insert into MenuItem (item_id, menu_id, food_category_id, item_name, item_description, price, item_availability) values (170, 20, 5, 'snuxkum sbfozg ujwcmb', 'bwwmpdu wnvdps kuwmoa', 123.42, true);
insert into MenuItem (item_id, menu_id, food_category_id, item_name, item_description, price, item_availability) values (171, 55, 8, 'lbjznay gbpljg xfnbkg', 'jejcoqf tmbcrw algdli', 3.99, true);
insert into MenuItem (item_id, menu_id, food_category_id, item_name, item_description, price, item_availability) values (172, 41, 3, 'ifxemzz ucmcci dbqwpt', 'rbqxcrc hbhrpw wqlyxb', 389.28, true);
insert into MenuItem (item_id, menu_id, food_category_id, item_name, item_description, price, item_availability) values (173, 59, 1, 'sasungn ljodre axgagt', 'ylntzth xcxajm nahhdw', 471.71, false);
insert into MenuItem (item_id, menu_id, food_category_id, item_name, item_description, price, item_availability) values (174, 31, 1, 'fpxgswn gxthpq kvsdvt', 'enhbqyd zdwobz ztovql', 238.22, true);
insert into MenuItem (item_id, menu_id, food_category_id, item_name, item_description, price, item_availability) values (175, 33, 5, 'aumyyvt qqpdsc ucrwuw', 'mkhiatr cbjzbx cuunqp', 37.58, true);
insert into MenuItem (item_id, menu_id, food_category_id, item_name, item_description, price, item_availability) values (176, 38, 2, 'thgpaud dgagha lqjueb', 'shwtoer fjucjf ezaftj', 443.74, true);
insert into MenuItem (item_id, menu_id, food_category_id, item_name, item_description, price, item_availability) values (177, 48, 7, 'yskvldf dnkllj lacfhi', 'ihgxiin txdxdc iksyse', 328.6, false);
insert into MenuItem (item_id, menu_id, food_category_id, item_name, item_description, price, item_availability) values (178, 9, 1, 'bkyluav okwdeu zsgbpg', 'kabkjdq ffgmdq ntmmzj', 107.29, true);
insert into MenuItem (item_id, menu_id, food_category_id, item_name, item_description, price, item_availability) values (179, 40, 8, 'rdvhtar lewcsh fgiweh', 'gqrjkug wvezrp xbvbtt', 265.46, true);
insert into MenuItem (item_id, menu_id, food_category_id, item_name, item_description, price, item_availability) values (180, 8, 7, 'vicqaqw nxfydx vpngkm', 'vcyyyci zdomur rzboos', 87.73, false);
insert into MenuItem (item_id, menu_id, food_category_id, item_name, item_description, price, item_availability) values (181, 6, 5, 'ybyhgeq ggsglp wdelzy', 'qyiwkms kuhael atmpvh', 144.04, true);
insert into MenuItem (item_id, menu_id, food_category_id, item_name, item_description, price, item_availability) values (182, 11, 2, 'psrpbjt zwqmie rgsyyi', 'hkallsi rliihb xlsyji', 78.77, false);
insert into MenuItem (item_id, menu_id, food_category_id, item_name, item_description, price, item_availability) values (183, 29, 2, 'swyvkgq dmatwy ermeoe', 'iavzhmq omfkfd esqlpu', 359.55, true);
insert into MenuItem (item_id, menu_id, food_category_id, item_name, item_description, price, item_availability) values (184, 60, 3, 'hqrdolp tpvqvg iuuyff', 'fwvffvh kxllwu fqeagb', 166.45, false);
insert into MenuItem (item_id, menu_id, food_category_id, item_name, item_description, price, item_availability) values (185, 10, 3, 'klatqjz bucyki hammsd', 'ntoheya pmxxaz tripka', 64.29, true);
insert into MenuItem (item_id, menu_id, food_category_id, item_name, item_description, price, item_availability) values (186, 41, 2, 'hdvbyao fsycyn ghwfaa', 'gldhxym ngyikb dqzgpx', 126.4, false);
insert into MenuItem (item_id, menu_id, food_category_id, item_name, item_description, price, item_availability) values (187, 31, 3, 'qgxwwyh fgeweb lojvzb', 'zqwbaec ezfyiu culxxb', 145.69, true);
insert into MenuItem (item_id, menu_id, food_category_id, item_name, item_description, price, item_availability) values (188, 24, 5, 'uxwpytv rpulyl pwmuiu', 'cfyozfa stmuoi hhnvyg', 89.82, false);
insert into MenuItem (item_id, menu_id, food_category_id, item_name, item_description, price, item_availability) values (189, 47, 2, 'oziupzm pggpcx mfoiba', 'mliryus blbeww ovvyre', 449.79, false);
insert into MenuItem (item_id, menu_id, food_category_id, item_name, item_description, price, item_availability) values (190, 54, 3, 'xyzkxpn hufzbw peydag', 'vycssqq gcmfmd zrzbfz', 251.35, false);
insert into MenuItem (item_id, menu_id, food_category_id, item_name, item_description, price, item_availability) values (191, 17, 4, 'xfgqynq zwegpn gbuygl', 'crceuig iktqlo hdezoy', 64.63, true);
insert into MenuItem (item_id, menu_id, food_category_id, item_name, item_description, price, item_availability) values (192, 59, 1, 'veoifgt ppolmg egqgyh', 'pshxzwd ycixku yrayye', 291.27, false);
insert into MenuItem (item_id, menu_id, food_category_id, item_name, item_description, price, item_availability) values (193, 13, 1, 'cebiztq yddofw kjiurd', 'kbqbaqr iazfku xmhqgo', 300.84, true);
insert into MenuItem (item_id, menu_id, food_category_id, item_name, item_description, price, item_availability) values (194, 36, 4, 'fzloezp vfmhwy pwetdq', 'cbtvqds rbaqph xexyfz', 358.62, true);
insert into MenuItem (item_id, menu_id, food_category_id, item_name, item_description, price, item_availability) values (195, 56, 1, 'tvuageq ipvrzz ptqypp', 'ynqyqsw japqex powbbm', 479.15, false);
insert into MenuItem (item_id, menu_id, food_category_id, item_name, item_description, price, item_availability) values (196, 55, 1, 'lbircif bincvu vvwwxm', 'nugyelt ptjfqn iepscb', 351.34, false);
insert into MenuItem (item_id, menu_id, food_category_id, item_name, item_description, price, item_availability) values (197, 2, 6, 'dqroola okspyo ugztdz', 'fmgvams oiuquo khxtko', 275.01, false);
insert into MenuItem (item_id, menu_id, food_category_id, item_name, item_description, price, item_availability) values (198, 17, 8, 'hfmwbpf mwzlmf pgjipe', 'ohynhiw znvpyy vrtgvv', 194.37, true);
insert into MenuItem (item_id, menu_id, food_category_id, item_name, item_description, price, item_availability) values (199, 26, 2, 'cwceaog ldxbzt jhhzmd', 'iamuiit vwwlrg zkhktr', 52.71, false);
insert into MenuItem (item_id, menu_id, food_category_id, item_name, item_description, price, item_availability) values (200, 20, 8, 'ovqgadu kcdrqt vqegqu', 'isetfol qgfmmd rhvyqn', 316.93, false);
insert into MenuItem (item_id, menu_id, food_category_id, item_name, item_description, price, item_availability) values (201, 53, 4, 'xjsecby dglvxm uvlogf', 'upnwwaq bhrnls odurka', 409.52, false);
insert into MenuItem (item_id, menu_id, food_category_id, item_name, item_description, price, item_availability) values (202, 40, 3, 'cujjplg mrlhvf ibdckp', 'wmxjdgb yxugwf qbcelc', 91.89, true);
insert into MenuItem (item_id, menu_id, food_category_id, item_name, item_description, price, item_availability) values (203, 24, 6, 'tdljksv rwsagd gzznum', 'almnyxz qnudcp ocxmrw', 132.13, true);
insert into MenuItem (item_id, menu_id, food_category_id, item_name, item_description, price, item_availability) values (204, 4, 8, 'hwqvpaf lpimoj sivrxk', 'krbmduh xbljrn wuysap', 144.0, true);
insert into MenuItem (item_id, menu_id, food_category_id, item_name, item_description, price, item_availability) values (205, 11, 6, 'xmecjvj itganv mzvgvb', 'ajusgjv yuaigw ddhbvk', 220.57, false);
insert into MenuItem (item_id, menu_id, food_category_id, item_name, item_description, price, item_availability) values (206, 22, 7, 'klagpma dhzxzy hbnhnr', 'xmdbphv cvijyd fpvtjq', 287.92, true);
insert into MenuItem (item_id, menu_id, food_category_id, item_name, item_description, price, item_availability) values (207, 11, 3, 'ctmzedl zcrkwh veguco', 'sramzla icgwfg pmdteu', 487.1, true);
insert into MenuItem (item_id, menu_id, food_category_id, item_name, item_description, price, item_availability) values (208, 30, 4, 'wrkdadh nkakok hgslsm', 'hkhitoo jgossc dtwwfq', 429.65, true);
insert into MenuItem (item_id, menu_id, food_category_id, item_name, item_description, price, item_availability) values (209, 39, 4, 'znxvpbj jmqlyz nbzwny', 'phdpmpt zvxclu rkxvmi', 456.14, true);
insert into MenuItem (item_id, menu_id, food_category_id, item_name, item_description, price, item_availability) values (210, 55, 7, 'ubbvwkf qymyrt xlutlb', 'afvlfso zletki vdrwwz', 283.23, true);
insert into MenuItem (item_id, menu_id, food_category_id, item_name, item_description, price, item_availability) values (211, 17, 1, 'vekahto fzdnfu iubcws', 'zdawvnk acocxt ohmapj', 430.75, false);
insert into MenuItem (item_id, menu_id, food_category_id, item_name, item_description, price, item_availability) values (212, 7, 8, 'odexoer zlankh pervpe', 'akbnnru wuszal ahurcw', 307.3, true);
insert into MenuItem (item_id, menu_id, food_category_id, item_name, item_description, price, item_availability) values (213, 36, 6, 'wupcoro sooaed wexkis', 'orynozp zmbmlt vqzbcm', 293.34, true);
insert into MenuItem (item_id, menu_id, food_category_id, item_name, item_description, price, item_availability) values (214, 4, 5, 'iyvufee szbehj ovyfrr', 'itxenmm gtbgfl rbxbzg', 190.46, false);
insert into MenuItem (item_id, menu_id, food_category_id, item_name, item_description, price, item_availability) values (215, 60, 2, 'jfxoxhg vangcv flurwd', 'brkbbqv rqsejr ecjzrp', 407.9, false);
insert into MenuItem (item_id, menu_id, food_category_id, item_name, item_description, price, item_availability) values (216, 31, 8, 'kcnncio umwhdo ktcepc', 'nxmdjsj efxoyk efleko', 481.92, false);
insert into MenuItem (item_id, menu_id, food_category_id, item_name, item_description, price, item_availability) values (217, 25, 2, 'mzmirqq zefzzm iapgvq', 'zbneiqi nmjmyp veonqh', 65.46, true);
insert into MenuItem (item_id, menu_id, food_category_id, item_name, item_description, price, item_availability) values (218, 2, 3, 'umxmjwv csqwqd eujcgb', 'rrqwjcq csqygs ypvmyf', 458.63, false);
insert into MenuItem (item_id, menu_id, food_category_id, item_name, item_description, price, item_availability) values (219, 20, 7, 'aremfbd utrxuq olobxg', 'dsbrvwe ikoyxy hcsvyd', 462.21, false);
insert into MenuItem (item_id, menu_id, food_category_id, item_name, item_description, price, item_availability) values (220, 27, 6, 'czanzoq oaasvj sewwqo', 'nmtbztg arfjhm jpqlen', 418.54, false);
insert into MenuItem (item_id, menu_id, food_category_id, item_name, item_description, price, item_availability) values (221, 13, 5, 'mxyskcn bjgqzm tazulo', 'odxqlxv pqjyfj slqpup', 181.46, true);
insert into MenuItem (item_id, menu_id, food_category_id, item_name, item_description, price, item_availability) values (222, 24, 7, 'fjnjilp xwicec ndnpxb', 'tpixpau pmqaeo jskaeg', 443.13, true);
insert into MenuItem (item_id, menu_id, food_category_id, item_name, item_description, price, item_availability) values (223, 21, 7, 'sqkcewt lcjppc fjecqa', 'abaftoz hfnyvz myqtee', 174.54, false);
insert into MenuItem (item_id, menu_id, food_category_id, item_name, item_description, price, item_availability) values (224, 38, 4, 'tpcbkir deisai qzwowu', 'tqrdpbv grrvul mmhzlv', 460.6, false);
insert into MenuItem (item_id, menu_id, food_category_id, item_name, item_description, price, item_availability) values (225, 23, 1, 'ljkfltg sknfna nxydoy', 'koujenx znxaho pwobax', 102.31, false);
insert into MenuItem (item_id, menu_id, food_category_id, item_name, item_description, price, item_availability) values (226, 27, 8, 'rfsuqdx tmtedv hgjxku', 'apstqgx sfrpox ubvwna', 396.63, false);
insert into MenuItem (item_id, menu_id, food_category_id, item_name, item_description, price, item_availability) values (227, 47, 8, 'ftpacol lqcaus msrkuc', 'vqtbwch judszs kywqfu', 494.93, false);
insert into MenuItem (item_id, menu_id, food_category_id, item_name, item_description, price, item_availability) values (228, 51, 2, 'zoipsio brqlbv npotbf', 'eevmxdn mfcttl zrksra', 477.35, true);
insert into MenuItem (item_id, menu_id, food_category_id, item_name, item_description, price, item_availability) values (229, 49, 6, 'ybewahn igygkt bzwhzp', 'ioktiam ihmyyv yexlgc', 421.49, true);
insert into MenuItem (item_id, menu_id, food_category_id, item_name, item_description, price, item_availability) values (230, 51, 4, 'zxwiwpx afmvco twejcj', 'avzgxob iqgvxs svhrey', 286.37, true);
insert into MenuItem (item_id, menu_id, food_category_id, item_name, item_description, price, item_availability) values (231, 39, 8, 'bvcrxcr fxcmxr nfgeeq', 'pknaltk gazzyd ghzzdm', 442.33, false);
insert into MenuItem (item_id, menu_id, food_category_id, item_name, item_description, price, item_availability) values (232, 48, 3, 'yzmxkid ckgxcs siozqe', 'vxldllp xgtqcd ggpisw', 25.77, true);
insert into MenuItem (item_id, menu_id, food_category_id, item_name, item_description, price, item_availability) values (233, 2, 2, 'ybbhurr zmqqeu dazwxz', 'ebtcgqz nhonlx dqzcga', 62.22, true);
insert into MenuItem (item_id, menu_id, food_category_id, item_name, item_description, price, item_availability) values (234, 29, 4, 'irdzqza mdblwh ssfhof', 'pzlmdpn pqctbr kgyklf', 85.45, true);
insert into MenuItem (item_id, menu_id, food_category_id, item_name, item_description, price, item_availability) values (235, 45, 2, 'ebkgaqb ybsvzs uoiuyb', 'hoooinh qekpyo wbtcus', 255.47, true);
insert into MenuItem (item_id, menu_id, food_category_id, item_name, item_description, price, item_availability) values (236, 16, 2, 'mmtpooo fabqgc gvcsuv', 'kzkepzs mgtkrg cgjiao', 288.61, false);
insert into MenuItem (item_id, menu_id, food_category_id, item_name, item_description, price, item_availability) values (237, 39, 2, 'gamdxaf htovem bcwqvo', 'tfbjkct ynflkn vuddec', 311.15, true);
insert into MenuItem (item_id, menu_id, food_category_id, item_name, item_description, price, item_availability) values (238, 53, 5, 'frlnelf cmxncf dzheup', 'moqyvzg smsizc lviwva', 463.82, false);
insert into MenuItem (item_id, menu_id, food_category_id, item_name, item_description, price, item_availability) values (239, 51, 8, 'xozlyrq abtglf jpzixi', 'qfripev aommrl ypxynt', 13.99, true);
insert into MenuItem (item_id, menu_id, food_category_id, item_name, item_description, price, item_availability) values (240, 47, 1, 'qyikbst weawga muiftc', 'itfzchq xmosvy dygsui', 58.85, false);
insert into MenuItem (item_id, menu_id, food_category_id, item_name, item_description, price, item_availability) values (241, 53, 2, 'ohwezkb uzgfso ozmxke', 'jrsnvky zsuphx thgitr', 235.54, true);
insert into MenuItem (item_id, menu_id, food_category_id, item_name, item_description, price, item_availability) values (242, 54, 7, 'lohvwrc tluhqy ejirdn', 'fhcslda deozxe scpvdl', 174.14, false);
insert into MenuItem (item_id, menu_id, food_category_id, item_name, item_description, price, item_availability) values (243, 8, 1, 'txqgpke gcfpkf usawkz', 'giooydp tyiley jqzffx', 132.97, false);
insert into MenuItem (item_id, menu_id, food_category_id, item_name, item_description, price, item_availability) values (244, 37, 8, 'qbtojoc zwnoiz vsgkma', 'ugrxxrl lrwwaz xobyfq', 328.86, true);
insert into MenuItem (item_id, menu_id, food_category_id, item_name, item_description, price, item_availability) values (245, 2, 2, 'ljobpon yorigw hxpbeu', 'nxdigfk tensou jogewi', 256.6, true);
insert into MenuItem (item_id, menu_id, food_category_id, item_name, item_description, price, item_availability) values (246, 42, 2, 'vmocmsc alynaj pmniuu', 'fnniclx oqalvp dyppof', 211.2, false);
insert into MenuItem (item_id, menu_id, food_category_id, item_name, item_description, price, item_availability) values (247, 26, 8, 'dkpfapu zogqjo waoivh', 'kscxoez snooyn iwsjxl', 293.15, true);
insert into MenuItem (item_id, menu_id, food_category_id, item_name, item_description, price, item_availability) values (248, 27, 8, 'shkxzsm zhrjvx evggmb', 'rrksori yyvilq ywudti', 486.28, true);
insert into MenuItem (item_id, menu_id, food_category_id, item_name, item_description, price, item_availability) values (249, 59, 2, 'wdtqzwb iwhdgj fprtym', 'hlsigcv kgdxeq tondhp', 115.21, true);
insert into MenuItem (item_id, menu_id, food_category_id, item_name, item_description, price, item_availability) values (250, 52, 7, 'yrruhyi glngcm nsxiap', 'btlprbo qocxgx vyjqfa', 366.75, false);
insert into MenuItem (item_id, menu_id, food_category_id, item_name, item_description, price, item_availability) values (251, 17, 8, 'ugshirn kcuywu rkcrkv', 'qhfcwcz guqoco jtqdpf', 265.32, false);
insert into MenuItem (item_id, menu_id, food_category_id, item_name, item_description, price, item_availability) values (252, 17, 6, 'ubojnap lugntd cudizo', 'horhath odweaf apwafx', 433.67, true);
insert into MenuItem (item_id, menu_id, food_category_id, item_name, item_description, price, item_availability) values (253, 18, 2, 'ksyeary kiemgk vybqrv', 'eostrvq reumps xoifsb', 464.08, false);
insert into MenuItem (item_id, menu_id, food_category_id, item_name, item_description, price, item_availability) values (254, 11, 8, 'fccxdqw ukhsxf qgaqwo', 'jdlmznb mwnctp jpiyia', 232.59, true);
insert into MenuItem (item_id, menu_id, food_category_id, item_name, item_description, price, item_availability) values (255, 59, 5, 'saczfxp ccrqps ptvtem', 'xegdrtm fvswtp bmlsvu', 218.36, false);
insert into MenuItem (item_id, menu_id, food_category_id, item_name, item_description, price, item_availability) values (256, 10, 4, 'tplvrmw rfbbqb psuqxm', 'wifgevn tadbfb vuzpnj', 65.75, false);
insert into MenuItem (item_id, menu_id, food_category_id, item_name, item_description, price, item_availability) values (257, 47, 1, 'buskgve fcivxj qpqjnc', 'kapjwir pxeczm sayqbu', 254.6, false);
insert into MenuItem (item_id, menu_id, food_category_id, item_name, item_description, price, item_availability) values (258, 11, 3, 'byjpnrs obansg wdhrfa', 'nznnqqr ndfrmd zwfbfa', 307.7, false);
insert into MenuItem (item_id, menu_id, food_category_id, item_name, item_description, price, item_availability) values (259, 24, 4, 'afatvgp gfeuse irktah', 'wyshcxg yivnxh hmgnjt', 95.09, true);
insert into MenuItem (item_id, menu_id, food_category_id, item_name, item_description, price, item_availability) values (260, 16, 2, 'dnjvxvd awidll zcgphu', 'gymoswt llvovq kxuwup', 21.63, false);
insert into MenuItem (item_id, menu_id, food_category_id, item_name, item_description, price, item_availability) values (261, 13, 1, 'axkgjee gluhmv hyssrg', 'mkezpsw nsbkiz bnbdok', 150.37, false);
insert into MenuItem (item_id, menu_id, food_category_id, item_name, item_description, price, item_availability) values (262, 36, 2, 'keokyog ljedyh fizvms', 'vzvuoga fpzrfz fyljim', 437.53, false);
insert into MenuItem (item_id, menu_id, food_category_id, item_name, item_description, price, item_availability) values (263, 9, 3, 'kahhqrz mfkufy ecmztq', 'izvofqy axiwum ysuiyq', 283.33, false);
insert into MenuItem (item_id, menu_id, food_category_id, item_name, item_description, price, item_availability) values (264, 21, 8, 'nrtdnoz eucufw lxfela', 'eapzyky udyoug mmpbga', 287.72, false);
insert into MenuItem (item_id, menu_id, food_category_id, item_name, item_description, price, item_availability) values (265, 33, 5, 'gcsnwdf fleujq chcuqq', 'tqgjour indobb gcpuhk', 398.72, false);
insert into MenuItem (item_id, menu_id, food_category_id, item_name, item_description, price, item_availability) values (266, 39, 7, 'xjmweyt yefruv vuwapg', 'grzvylk zoobvx tgunlh', 402.98, true);
insert into MenuItem (item_id, menu_id, food_category_id, item_name, item_description, price, item_availability) values (267, 35, 7, 'ueamgdl aedpit glwihb', 'ovvtcak vmblmo pshpjn', 7.83, true);
insert into MenuItem (item_id, menu_id, food_category_id, item_name, item_description, price, item_availability) values (268, 58, 6, 'gccarmj gstdrs pjqgra', 'wbjwrld flryjh gpzkpj', 189.27, false);
insert into MenuItem (item_id, menu_id, food_category_id, item_name, item_description, price, item_availability) values (269, 7, 2, 'rhgfhsv wcuvjm iaygrq', 'kjlhyes knfodo oknwrm', 42.68, false);
insert into MenuItem (item_id, menu_id, food_category_id, item_name, item_description, price, item_availability) values (270, 24, 5, 'keefgcb lfeynq qbvqdr', 'vrdobvo cvmhvw wtwrzo', 455.82, true);
insert into MenuItem (item_id, menu_id, food_category_id, item_name, item_description, price, item_availability) values (271, 58, 3, 'ivlaqoa dvcurb fjjrwh', 'okqhdnw tzuwgs likaem', 483.9, true);
insert into MenuItem (item_id, menu_id, food_category_id, item_name, item_description, price, item_availability) values (272, 44, 3, 'tfzmdlb jivbvf fhabjc', 'gkyzmvp zdhyjy fbtiva', 90.87, true);
insert into MenuItem (item_id, menu_id, food_category_id, item_name, item_description, price, item_availability) values (273, 25, 6, 'gqcaral zcwoil zbyhdz', 'xcbzzoz insrsp rgdzth', 330.04, true);
insert into MenuItem (item_id, menu_id, food_category_id, item_name, item_description, price, item_availability) values (274, 44, 1, 'ujfpzgq eodwol vuyzia', 'xbnrcsv nbtljb tradmf', 370.85, true);
insert into MenuItem (item_id, menu_id, food_category_id, item_name, item_description, price, item_availability) values (275, 1, 1, 'tpccqwc aejsqy rqlmgi', 'ybzwejf nvbdam mdzxhe', 42.36, true);
insert into MenuItem (item_id, menu_id, food_category_id, item_name, item_description, price, item_availability) values (276, 37, 5, 'npiduhl xqgujd acvtbq', 'fztqyic grnpfb shxodw', 282.27, true);
insert into MenuItem (item_id, menu_id, food_category_id, item_name, item_description, price, item_availability) values (277, 39, 8, 'sahooir stcuxo ggfjqg', 'dvhqgkp mcwzal ovywpv', 141.23, true);
insert into MenuItem (item_id, menu_id, food_category_id, item_name, item_description, price, item_availability) values (278, 26, 1, 'jkbnjpo ocqgmh miioyn', 'baqpwxb katnas nsbjnw', 241.15, true);
insert into MenuItem (item_id, menu_id, food_category_id, item_name, item_description, price, item_availability) values (279, 50, 5, 'uerdezc kzmixh btvxdj', 'admdzgd andexz hldkvo', 305.72, true);
insert into MenuItem (item_id, menu_id, food_category_id, item_name, item_description, price, item_availability) values (280, 56, 4, 'zfwhmny kjtery avexqz', 'diobasm tksgnb qagynw', 106.51, false);
insert into MenuItem (item_id, menu_id, food_category_id, item_name, item_description, price, item_availability) values (281, 53, 8, 'tthrlrp rhzoft fzvtfv', 'xltmkob xtrdhv drmdvp', 86.33, false);
insert into MenuItem (item_id, menu_id, food_category_id, item_name, item_description, price, item_availability) values (282, 5, 6, 'txzeing xsculd gzrimi', 'zifozpf ojhcgq lkhlcb', 317.25, false);
insert into MenuItem (item_id, menu_id, food_category_id, item_name, item_description, price, item_availability) values (283, 45, 8, 'udxqosm ikyger inwjfa', 'lbqqpcb baznsh kczirm', 486.21, true);
insert into MenuItem (item_id, menu_id, food_category_id, item_name, item_description, price, item_availability) values (284, 38, 3, 'gefozsh estzqv wcnmcy', 'kymikzi mfules ixzohu', 28.49, false);
insert into MenuItem (item_id, menu_id, food_category_id, item_name, item_description, price, item_availability) values (285, 48, 6, 'basudbe eliwzw jhwhgd', 'qqjulth ygpset dtvoqi', 417.03, false);
insert into MenuItem (item_id, menu_id, food_category_id, item_name, item_description, price, item_availability) values (286, 56, 4, 'itqqtkx gzhfei zlkxlm', 'tfhdpor cjubhk lqgjdo', 37.87, false);
insert into MenuItem (item_id, menu_id, food_category_id, item_name, item_description, price, item_availability) values (287, 9, 2, 'zfnrgmg jgdrsm nvztef', 'ohlfajh zcbklr bcklbt', 481.52, true);
insert into MenuItem (item_id, menu_id, food_category_id, item_name, item_description, price, item_availability) values (288, 33, 1, 'qxqlmum vbemxh rbskwd', 'jryptak lbtnab ddodma', 145.3, true);
insert into MenuItem (item_id, menu_id, food_category_id, item_name, item_description, price, item_availability) values (289, 11, 7, 'judtfug femjom odvxoe', 'jglmymw zadcmc wsfcol', 275.17, true);
insert into MenuItem (item_id, menu_id, food_category_id, item_name, item_description, price, item_availability) values (290, 53, 4, 'sxfrtku sfjxgr awfbpz', 'uoagzoo tsgpao rdhity', 335.48, false);
insert into MenuItem (item_id, menu_id, food_category_id, item_name, item_description, price, item_availability) values (291, 22, 1, 'ewwzkan gnrtjw ozwycc', 'yxebqbd enblrv pfsxhx', 145.96, false);
insert into MenuItem (item_id, menu_id, food_category_id, item_name, item_description, price, item_availability) values (292, 44, 5, 'dhqacoj vcvnbu cpgaud', 'vsryuqs nyalel bfyrpt', 285.4, true);
insert into MenuItem (item_id, menu_id, food_category_id, item_name, item_description, price, item_availability) values (293, 33, 6, 'mwkjmnp bsxupw dziacc', 'lywewcz ydaxef hbmzjx', 207.22, false);
insert into MenuItem (item_id, menu_id, food_category_id, item_name, item_description, price, item_availability) values (294, 34, 2, 'zpzrdhz oapsrq sykrku', 'izkaxwj satewu bkhuem', 8.46, true);
insert into MenuItem (item_id, menu_id, food_category_id, item_name, item_description, price, item_availability) values (295, 10, 3, 'jtqbdre phmrms ibdmip', 'akytefz mfxkcz kmrprr', 72.77, false);
insert into MenuItem (item_id, menu_id, food_category_id, item_name, item_description, price, item_availability) values (296, 2, 5, 'msroceb uscagq okmyba', 'djsoxum mpfunn xrcgxt', 155.19, true);
insert into MenuItem (item_id, menu_id, food_category_id, item_name, item_description, price, item_availability) values (297, 17, 8, 'yxeylsw spemph yutjwb', 'dzkhugs ukekko syselz', 194.22, false);
insert into MenuItem (item_id, menu_id, food_category_id, item_name, item_description, price, item_availability) values (298, 21, 3, 'jpaozjv bteqxw qfwpag', 'gfulixl thnway jidama', 45.56, false);
insert into MenuItem (item_id, menu_id, food_category_id, item_name, item_description, price, item_availability) values (299, 35, 5, 'fkudoco ljgeik ygailg', 'khawbro ypsxpf pojabl', 344.77, false);
insert into MenuItem (item_id, menu_id, food_category_id, item_name, item_description, price, item_availability) values (300, 33, 4, 'apwcxny qfieve kdbrhz', 'xmhrurl etegsg azlwtt', 341.5, false);

create table DriverRating (
	rating_id INT AUTO_INCREMENT PRIMARY KEY,
	driver_id INT NOT NULL,
	cust_id INT NOT NULL,
	score INT NOT NULL,
	FOREIGN KEY (driver_id) REFERENCES DeliveryDriver(driver_id) ON UPDATE CASCADE ON DELETE RESTRICT,
	FOREIGN KEY (cust_id) REFERENCES Customer(customer_id),
	CHECK (1 <= score <= 5)
);

insert into DriverRating (rating_id, driver_id, cust_id, score) values (1, 6, 12, 3);
insert into DriverRating (rating_id, driver_id, cust_id, score) values (2, 25, 19, 3);
insert into DriverRating (rating_id, driver_id, cust_id, score) values (3, 10, 17, 4);
insert into DriverRating (rating_id, driver_id, cust_id, score) values (4, 10, 8, 3);
insert into DriverRating (rating_id, driver_id, cust_id, score) values (5, 16, 25, 4);
insert into DriverRating (rating_id, driver_id, cust_id, score) values (6, 15, 29, 4);
insert into DriverRating (rating_id, driver_id, cust_id, score) values (7, 15, 9, 1);
insert into DriverRating (rating_id, driver_id, cust_id, score) values (8, 21, 11, 1);
insert into DriverRating (rating_id, driver_id, cust_id, score) values (9, 7, 25, 4);
insert into DriverRating (rating_id, driver_id, cust_id, score) values (10, 16, 12, 5);
insert into DriverRating (rating_id, driver_id, cust_id, score) values (11, 9, 24, 2);
insert into DriverRating (rating_id, driver_id, cust_id, score) values (12, 15, 23, 2);
insert into DriverRating (rating_id, driver_id, cust_id, score) values (13, 25, 23, 2);
insert into DriverRating (rating_id, driver_id, cust_id, score) values (14, 8, 14, 1);
insert into DriverRating (rating_id, driver_id, cust_id, score) values (15, 26, 12, 2);
insert into DriverRating (rating_id, driver_id, cust_id, score) values (16, 12, 25, 5);
insert into DriverRating (rating_id, driver_id, cust_id, score) values (17, 9, 27, 5);
insert into DriverRating (rating_id, driver_id, cust_id, score) values (18, 8, 29, 2);
insert into DriverRating (rating_id, driver_id, cust_id, score) values (19, 3, 5, 5);
insert into DriverRating (rating_id, driver_id, cust_id, score) values (20, 9, 22, 5);
insert into DriverRating (rating_id, driver_id, cust_id, score) values (21, 20, 10, 3);
insert into DriverRating (rating_id, driver_id, cust_id, score) values (22, 29, 6, 1);
insert into DriverRating (rating_id, driver_id, cust_id, score) values (23, 6, 9, 2);
insert into DriverRating (rating_id, driver_id, cust_id, score) values (24, 1, 10, 4);
insert into DriverRating (rating_id, driver_id, cust_id, score) values (25, 16, 22, 3);
insert into DriverRating (rating_id, driver_id, cust_id, score) values (26, 21, 2, 4);
insert into DriverRating (rating_id, driver_id, cust_id, score) values (27, 4, 4, 2);
insert into DriverRating (rating_id, driver_id, cust_id, score) values (28, 30, 11, 4);
insert into DriverRating (rating_id, driver_id, cust_id, score) values (29, 17, 18, 4);
insert into DriverRating (rating_id, driver_id, cust_id, score) values (30, 19, 11, 3);
insert into DriverRating (rating_id, driver_id, cust_id, score) values (31, 9, 25, 2);
insert into DriverRating (rating_id, driver_id, cust_id, score) values (32, 15, 14, 1);
insert into DriverRating (rating_id, driver_id, cust_id, score) values (33, 15, 24, 1);
insert into DriverRating (rating_id, driver_id, cust_id, score) values (34, 24, 25, 3);
insert into DriverRating (rating_id, driver_id, cust_id, score) values (35, 8, 25, 1);
insert into DriverRating (rating_id, driver_id, cust_id, score) values (36, 18, 20, 5);
insert into DriverRating (rating_id, driver_id, cust_id, score) values (37, 23, 2, 1);
insert into DriverRating (rating_id, driver_id, cust_id, score) values (38, 26, 20, 2);
insert into DriverRating (rating_id, driver_id, cust_id, score) values (39, 5, 26, 4);
insert into DriverRating (rating_id, driver_id, cust_id, score) values (40, 27, 12, 5);
insert into DriverRating (rating_id, driver_id, cust_id, score) values (41, 25, 12, 4);
insert into DriverRating (rating_id, driver_id, cust_id, score) values (42, 10, 4, 3);
insert into DriverRating (rating_id, driver_id, cust_id, score) values (43, 2, 11, 2);
insert into DriverRating (rating_id, driver_id, cust_id, score) values (44, 22, 27, 1);
insert into DriverRating (rating_id, driver_id, cust_id, score) values (45, 16, 29, 5);
insert into DriverRating (rating_id, driver_id, cust_id, score) values (46, 29, 30, 2);
insert into DriverRating (rating_id, driver_id, cust_id, score) values (47, 23, 6, 5);
insert into DriverRating (rating_id, driver_id, cust_id, score) values (48, 18, 20, 4);
insert into DriverRating (rating_id, driver_id, cust_id, score) values (49, 3, 5, 1);
insert into DriverRating (rating_id, driver_id, cust_id, score) values (50, 1, 4, 2);
insert into DriverRating (rating_id, driver_id, cust_id, score) values (51, 22, 24, 3);
insert into DriverRating (rating_id, driver_id, cust_id, score) values (52, 20, 22, 2);
insert into DriverRating (rating_id, driver_id, cust_id, score) values (53, 2, 12, 3);
insert into DriverRating (rating_id, driver_id, cust_id, score) values (54, 21, 4, 2);
insert into DriverRating (rating_id, driver_id, cust_id, score) values (55, 7, 11, 2);
insert into DriverRating (rating_id, driver_id, cust_id, score) values (56, 12, 14, 1);
insert into DriverRating (rating_id, driver_id, cust_id, score) values (57, 15, 9, 3);
insert into DriverRating (rating_id, driver_id, cust_id, score) values (58, 5, 5, 2);
insert into DriverRating (rating_id, driver_id, cust_id, score) values (59, 25, 11, 4);
insert into DriverRating (rating_id, driver_id, cust_id, score) values (60, 15, 22, 1);
insert into DriverRating (rating_id, driver_id, cust_id, score) values (61, 3, 3, 4);
insert into DriverRating (rating_id, driver_id, cust_id, score) values (62, 16, 3, 2);
insert into DriverRating (rating_id, driver_id, cust_id, score) values (63, 30, 14, 1);
insert into DriverRating (rating_id, driver_id, cust_id, score) values (64, 4, 8, 5);
insert into DriverRating (rating_id, driver_id, cust_id, score) values (65, 15, 3, 3);
insert into DriverRating (rating_id, driver_id, cust_id, score) values (66, 1, 25, 3);
insert into DriverRating (rating_id, driver_id, cust_id, score) values (67, 24, 2, 5);
insert into DriverRating (rating_id, driver_id, cust_id, score) values (68, 19, 18, 2);
insert into DriverRating (rating_id, driver_id, cust_id, score) values (69, 10, 25, 1);
insert into DriverRating (rating_id, driver_id, cust_id, score) values (70, 14, 9, 2);
insert into DriverRating (rating_id, driver_id, cust_id, score) values (71, 29, 2, 1);
insert into DriverRating (rating_id, driver_id, cust_id, score) values (72, 14, 20, 4);
insert into DriverRating (rating_id, driver_id, cust_id, score) values (73, 1, 22, 2);
insert into DriverRating (rating_id, driver_id, cust_id, score) values (74, 15, 4, 4);
insert into DriverRating (rating_id, driver_id, cust_id, score) values (75, 7, 19, 4);
insert into DriverRating (rating_id, driver_id, cust_id, score) values (76, 23, 14, 1);
insert into DriverRating (rating_id, driver_id, cust_id, score) values (77, 22, 6, 3);
insert into DriverRating (rating_id, driver_id, cust_id, score) values (78, 5, 8, 5);
insert into DriverRating (rating_id, driver_id, cust_id, score) values (79, 8, 10, 4);
insert into DriverRating (rating_id, driver_id, cust_id, score) values (80, 13, 6, 5);
insert into DriverRating (rating_id, driver_id, cust_id, score) values (81, 11, 2, 1);
insert into DriverRating (rating_id, driver_id, cust_id, score) values (82, 29, 1, 3);
insert into DriverRating (rating_id, driver_id, cust_id, score) values (83, 26, 25, 1);
insert into DriverRating (rating_id, driver_id, cust_id, score) values (84, 10, 20, 2);
insert into DriverRating (rating_id, driver_id, cust_id, score) values (85, 17, 20, 5);
insert into DriverRating (rating_id, driver_id, cust_id, score) values (86, 1, 14, 1);
insert into DriverRating (rating_id, driver_id, cust_id, score) values (87, 15, 27, 4);
insert into DriverRating (rating_id, driver_id, cust_id, score) values (88, 1, 28, 2);
insert into DriverRating (rating_id, driver_id, cust_id, score) values (89, 3, 7, 3);
insert into DriverRating (rating_id, driver_id, cust_id, score) values (90, 4, 19, 1);


create table RestaurantRating (
	rating_id INT AUTO_INCREMENT PRIMARY KEY,
	rest_id INT NOT NULL,
	cust_id INT NOT NULL,
	score INT NOT NULL,
	FOREIGN KEY (rest_id) REFERENCES Restaurant(rest_id),
	FOREIGN KEY (cust_id) REFERENCES Customer(customer_id),
	CHECK (1 <= score <= 5)
);

insert into RestaurantRating (rating_id, rest_id, cust_id, score) values (1, 49, 28, 2);
insert into RestaurantRating (rating_id, rest_id, cust_id, score) values (2, 28, 21, 3);
insert into RestaurantRating (rating_id, rest_id, cust_id, score) values (3, 28, 28, 4);
insert into RestaurantRating (rating_id, rest_id, cust_id, score) values (4, 7, 4, 1);
insert into RestaurantRating (rating_id, rest_id, cust_id, score) values (5, 2, 28, 1);
insert into RestaurantRating (rating_id, rest_id, cust_id, score) values (6, 1, 29, 5);
insert into RestaurantRating (rating_id, rest_id, cust_id, score) values (7, 13, 14, 3);
insert into RestaurantRating (rating_id, rest_id, cust_id, score) values (8, 29, 18, 1);
insert into RestaurantRating (rating_id, rest_id, cust_id, score) values (9, 35, 18, 1);
insert into RestaurantRating (rating_id, rest_id, cust_id, score) values (10, 24, 21, 4);
insert into RestaurantRating (rating_id, rest_id, cust_id, score) values (11, 9, 12, 4);
insert into RestaurantRating (rating_id, rest_id, cust_id, score) values (12, 52, 15, 3);
insert into RestaurantRating (rating_id, rest_id, cust_id, score) values (13, 27, 28, 5);
insert into RestaurantRating (rating_id, rest_id, cust_id, score) values (14, 4, 22, 4);
insert into RestaurantRating (rating_id, rest_id, cust_id, score) values (15, 46, 16, 5);
insert into RestaurantRating (rating_id, rest_id, cust_id, score) values (16, 56, 2, 2);
insert into RestaurantRating (rating_id, rest_id, cust_id, score) values (17, 24, 16, 2);
insert into RestaurantRating (rating_id, rest_id, cust_id, score) values (18, 57, 30, 4);
insert into RestaurantRating (rating_id, rest_id, cust_id, score) values (19, 60, 16, 2);
insert into RestaurantRating (rating_id, rest_id, cust_id, score) values (20, 42, 10, 3);
insert into RestaurantRating (rating_id, rest_id, cust_id, score) values (21, 16, 15, 2);
insert into RestaurantRating (rating_id, rest_id, cust_id, score) values (22, 39, 5, 1);
insert into RestaurantRating (rating_id, rest_id, cust_id, score) values (23, 18, 10, 1);
insert into RestaurantRating (rating_id, rest_id, cust_id, score) values (24, 55, 2, 1);
insert into RestaurantRating (rating_id, rest_id, cust_id, score) values (25, 37, 2, 5);
insert into RestaurantRating (rating_id, rest_id, cust_id, score) values (26, 38, 25, 5);
insert into RestaurantRating (rating_id, rest_id, cust_id, score) values (27, 35, 15, 5);
insert into RestaurantRating (rating_id, rest_id, cust_id, score) values (28, 45, 16, 5);
insert into RestaurantRating (rating_id, rest_id, cust_id, score) values (29, 29, 26, 5);
insert into RestaurantRating (rating_id, rest_id, cust_id, score) values (30, 53, 20, 4);
insert into RestaurantRating (rating_id, rest_id, cust_id, score) values (31, 2, 25, 5);
insert into RestaurantRating (rating_id, rest_id, cust_id, score) values (32, 2, 10, 5);
insert into RestaurantRating (rating_id, rest_id, cust_id, score) values (33, 22, 21, 1);
insert into RestaurantRating (rating_id, rest_id, cust_id, score) values (34, 34, 5, 3);
insert into RestaurantRating (rating_id, rest_id, cust_id, score) values (35, 49, 6, 5);
insert into RestaurantRating (rating_id, rest_id, cust_id, score) values (36, 33, 26, 3);
insert into RestaurantRating (rating_id, rest_id, cust_id, score) values (37, 19, 26, 1);
insert into RestaurantRating (rating_id, rest_id, cust_id, score) values (38, 48, 2, 4);
insert into RestaurantRating (rating_id, rest_id, cust_id, score) values (39, 47, 14, 5);
insert into RestaurantRating (rating_id, rest_id, cust_id, score) values (40, 46, 3, 4);
insert into RestaurantRating (rating_id, rest_id, cust_id, score) values (41, 23, 14, 2);
insert into RestaurantRating (rating_id, rest_id, cust_id, score) values (42, 55, 10, 1);
insert into RestaurantRating (rating_id, rest_id, cust_id, score) values (43, 38, 28, 1);
insert into RestaurantRating (rating_id, rest_id, cust_id, score) values (44, 35, 12, 2);
insert into RestaurantRating (rating_id, rest_id, cust_id, score) values (45, 49, 8, 2);
insert into RestaurantRating (rating_id, rest_id, cust_id, score) values (46, 23, 16, 2);
insert into RestaurantRating (rating_id, rest_id, cust_id, score) values (47, 3, 2, 3);
insert into RestaurantRating (rating_id, rest_id, cust_id, score) values (48, 18, 7, 3);
insert into RestaurantRating (rating_id, rest_id, cust_id, score) values (49, 4, 5, 3);
insert into RestaurantRating (rating_id, rest_id, cust_id, score) values (50, 24, 12, 1);
insert into RestaurantRating (rating_id, rest_id, cust_id, score) values (51, 26, 5, 3);
insert into RestaurantRating (rating_id, rest_id, cust_id, score) values (52, 36, 9, 3);
insert into RestaurantRating (rating_id, rest_id, cust_id, score) values (53, 34, 15, 1);
insert into RestaurantRating (rating_id, rest_id, cust_id, score) values (54, 41, 18, 1);
insert into RestaurantRating (rating_id, rest_id, cust_id, score) values (55, 1, 15, 3);
insert into RestaurantRating (rating_id, rest_id, cust_id, score) values (56, 14, 4, 4);
insert into RestaurantRating (rating_id, rest_id, cust_id, score) values (57, 23, 22, 2);
insert into RestaurantRating (rating_id, rest_id, cust_id, score) values (58, 33, 5, 2);
insert into RestaurantRating (rating_id, rest_id, cust_id, score) values (59, 38, 18, 2);
insert into RestaurantRating (rating_id, rest_id, cust_id, score) values (60, 31, 9, 1);
insert into RestaurantRating (rating_id, rest_id, cust_id, score) values (61, 49, 9, 1);
insert into RestaurantRating (rating_id, rest_id, cust_id, score) values (62, 29, 13, 1);
insert into RestaurantRating (rating_id, rest_id, cust_id, score) values (63, 12, 4, 3);
insert into RestaurantRating (rating_id, rest_id, cust_id, score) values (64, 48, 16, 5);
insert into RestaurantRating (rating_id, rest_id, cust_id, score) values (65, 24, 5, 4);
insert into RestaurantRating (rating_id, rest_id, cust_id, score) values (66, 15, 22, 5);
insert into RestaurantRating (rating_id, rest_id, cust_id, score) values (67, 25, 22, 3);
insert into RestaurantRating (rating_id, rest_id, cust_id, score) values (68, 32, 14, 5);
insert into RestaurantRating (rating_id, rest_id, cust_id, score) values (69, 51, 2, 1);
insert into RestaurantRating (rating_id, rest_id, cust_id, score) values (70, 19, 24, 5);
insert into RestaurantRating (rating_id, rest_id, cust_id, score) values (71, 39, 7, 5);
insert into RestaurantRating (rating_id, rest_id, cust_id, score) values (72, 40, 24, 3);
insert into RestaurantRating (rating_id, rest_id, cust_id, score) values (73, 27, 26, 5);
insert into RestaurantRating (rating_id, rest_id, cust_id, score) values (74, 55, 6, 2);
insert into RestaurantRating (rating_id, rest_id, cust_id, score) values (75, 50, 4, 4);
insert into RestaurantRating (rating_id, rest_id, cust_id, score) values (76, 11, 22, 1);
insert into RestaurantRating (rating_id, rest_id, cust_id, score) values (77, 33, 26, 2);
insert into RestaurantRating (rating_id, rest_id, cust_id, score) values (78, 42, 2, 4);
insert into RestaurantRating (rating_id, rest_id, cust_id, score) values (79, 44, 8, 5);
insert into RestaurantRating (rating_id, rest_id, cust_id, score) values (80, 17, 24, 1);
insert into RestaurantRating (rating_id, rest_id, cust_id, score) values (81, 17, 14, 2);
insert into RestaurantRating (rating_id, rest_id, cust_id, score) values (82, 30, 4, 3);
insert into RestaurantRating (rating_id, rest_id, cust_id, score) values (83, 50, 20, 1);
insert into RestaurantRating (rating_id, rest_id, cust_id, score) values (84, 44, 28, 3);
insert into RestaurantRating (rating_id, rest_id, cust_id, score) values (85, 58, 30, 5);
insert into RestaurantRating (rating_id, rest_id, cust_id, score) values (86, 17, 20, 3);
insert into RestaurantRating (rating_id, rest_id, cust_id, score) values (87, 35, 13, 3);
insert into RestaurantRating (rating_id, rest_id, cust_id, score) values (88, 11, 3, 1);
insert into RestaurantRating (rating_id, rest_id, cust_id, score) values (89, 8, 23, 3);
insert into RestaurantRating (rating_id, rest_id, cust_id, score) values (90, 10, 21, 1);
insert into RestaurantRating (rating_id, rest_id, cust_id, score) values (91, 52, 18, 2);
insert into RestaurantRating (rating_id, rest_id, cust_id, score) values (92, 10, 24, 1);
insert into RestaurantRating (rating_id, rest_id, cust_id, score) values (93, 14, 2, 5);
insert into RestaurantRating (rating_id, rest_id, cust_id, score) values (94, 6, 19, 4);
insert into RestaurantRating (rating_id, rest_id, cust_id, score) values (95, 33, 9, 3);
insert into RestaurantRating (rating_id, rest_id, cust_id, score) values (96, 17, 14, 2);
insert into RestaurantRating (rating_id, rest_id, cust_id, score) values (97, 58, 30, 4);
insert into RestaurantRating (rating_id, rest_id, cust_id, score) values (98, 8, 19, 3);
insert into RestaurantRating (rating_id, rest_id, cust_id, score) values (99, 43, 21, 3);
insert into RestaurantRating (rating_id, rest_id, cust_id, score) values (100, 56, 6, 1);
insert into RestaurantRating (rating_id, rest_id, cust_id, score) values (101, 45, 5, 2);
insert into RestaurantRating (rating_id, rest_id, cust_id, score) values (102, 49, 11, 4);
insert into RestaurantRating (rating_id, rest_id, cust_id, score) values (103, 50, 20, 3);
insert into RestaurantRating (rating_id, rest_id, cust_id, score) values (104, 22, 21, 3);
insert into RestaurantRating (rating_id, rest_id, cust_id, score) values (105, 3, 18, 1);
insert into RestaurantRating (rating_id, rest_id, cust_id, score) values (106, 20, 11, 3);
insert into RestaurantRating (rating_id, rest_id, cust_id, score) values (107, 32, 30, 5);
insert into RestaurantRating (rating_id, rest_id, cust_id, score) values (108, 22, 15, 3);
insert into RestaurantRating (rating_id, rest_id, cust_id, score) values (109, 56, 22, 1);
insert into RestaurantRating (rating_id, rest_id, cust_id, score) values (110, 55, 10, 3);
insert into RestaurantRating (rating_id, rest_id, cust_id, score) values (111, 50, 25, 2);
insert into RestaurantRating (rating_id, rest_id, cust_id, score) values (112, 38, 18, 4);
insert into RestaurantRating (rating_id, rest_id, cust_id, score) values (113, 23, 28, 1);
insert into RestaurantRating (rating_id, rest_id, cust_id, score) values (114, 19, 2, 3);
insert into RestaurantRating (rating_id, rest_id, cust_id, score) values (115, 41, 13, 3);
insert into RestaurantRating (rating_id, rest_id, cust_id, score) values (116, 15, 24, 3);
insert into RestaurantRating (rating_id, rest_id, cust_id, score) values (117, 19, 22, 5);
insert into RestaurantRating (rating_id, rest_id, cust_id, score) values (118, 44, 26, 1);
insert into RestaurantRating (rating_id, rest_id, cust_id, score) values (119, 35, 16, 3);
insert into RestaurantRating (rating_id, rest_id, cust_id, score) values (120, 45, 3, 2);
insert into RestaurantRating (rating_id, rest_id, cust_id, score) values (121, 14, 5, 5);
insert into RestaurantRating (rating_id, rest_id, cust_id, score) values (122, 31, 29, 3);
insert into RestaurantRating (rating_id, rest_id, cust_id, score) values (123, 44, 8, 1);
insert into RestaurantRating (rating_id, rest_id, cust_id, score) values (124, 33, 12, 2);
insert into RestaurantRating (rating_id, rest_id, cust_id, score) values (125, 7, 2, 5);
insert into RestaurantRating (rating_id, rest_id, cust_id, score) values (126, 6, 16, 5);
insert into RestaurantRating (rating_id, rest_id, cust_id, score) values (127, 50, 8, 5);
insert into RestaurantRating (rating_id, rest_id, cust_id, score) values (128, 16, 22, 4);
insert into RestaurantRating (rating_id, rest_id, cust_id, score) values (129, 26, 20, 4);
insert into RestaurantRating (rating_id, rest_id, cust_id, score) values (130, 8, 14, 4);
insert into RestaurantRating (rating_id, rest_id, cust_id, score) values (131, 22, 24, 4);
insert into RestaurantRating (rating_id, rest_id, cust_id, score) values (132, 50, 20, 2);
insert into RestaurantRating (rating_id, rest_id, cust_id, score) values (133, 11, 2, 3);
insert into RestaurantRating (rating_id, rest_id, cust_id, score) values (134, 21, 20, 2);
insert into RestaurantRating (rating_id, rest_id, cust_id, score) values (135, 44, 11, 5);
insert into RestaurantRating (rating_id, rest_id, cust_id, score) values (136, 29, 12, 2);
insert into RestaurantRating (rating_id, rest_id, cust_id, score) values (137, 31, 30, 2);
insert into RestaurantRating (rating_id, rest_id, cust_id, score) values (138, 15, 21, 5);
insert into RestaurantRating (rating_id, rest_id, cust_id, score) values (139, 13, 27, 2);
insert into RestaurantRating (rating_id, rest_id, cust_id, score) values (140, 48, 29, 4);
insert into RestaurantRating (rating_id, rest_id, cust_id, score) values (141, 36, 16, 4);
insert into RestaurantRating (rating_id, rest_id, cust_id, score) values (142, 31, 24, 4);
insert into RestaurantRating (rating_id, rest_id, cust_id, score) values (143, 41, 3, 3);
insert into RestaurantRating (rating_id, rest_id, cust_id, score) values (144, 28, 10, 4);
insert into RestaurantRating (rating_id, rest_id, cust_id, score) values (145, 25, 4, 3);
insert into RestaurantRating (rating_id, rest_id, cust_id, score) values (146, 30, 7, 4);
insert into RestaurantRating (rating_id, rest_id, cust_id, score) values (147, 6, 17, 3);
insert into RestaurantRating (rating_id, rest_id, cust_id, score) values (148, 42, 1, 2);
insert into RestaurantRating (rating_id, rest_id, cust_id, score) values (149, 46, 26, 1);
insert into RestaurantRating (rating_id, rest_id, cust_id, score) values (150, 4, 14, 3);
insert into RestaurantRating (rating_id, rest_id, cust_id, score) values (151, 51, 30, 1);
insert into RestaurantRating (rating_id, rest_id, cust_id, score) values (152, 25, 24, 4);
insert into RestaurantRating (rating_id, rest_id, cust_id, score) values (153, 22, 15, 4);
insert into RestaurantRating (rating_id, rest_id, cust_id, score) values (154, 26, 8, 4);
insert into RestaurantRating (rating_id, rest_id, cust_id, score) values (155, 1, 22, 1);
insert into RestaurantRating (rating_id, rest_id, cust_id, score) values (156, 3, 22, 2);
insert into RestaurantRating (rating_id, rest_id, cust_id, score) values (157, 44, 18, 2);
insert into RestaurantRating (rating_id, rest_id, cust_id, score) values (158, 16, 18, 5);
insert into RestaurantRating (rating_id, rest_id, cust_id, score) values (159, 57, 2, 3);
insert into RestaurantRating (rating_id, rest_id, cust_id, score) values (160, 21, 8, 4);
insert into RestaurantRating (rating_id, rest_id, cust_id, score) values (161, 31, 21, 3);
insert into RestaurantRating (rating_id, rest_id, cust_id, score) values (162, 55, 6, 5);
insert into RestaurantRating (rating_id, rest_id, cust_id, score) values (163, 26, 11, 3);
insert into RestaurantRating (rating_id, rest_id, cust_id, score) values (164, 3, 25, 5);
insert into RestaurantRating (rating_id, rest_id, cust_id, score) values (165, 60, 13, 4);
insert into RestaurantRating (rating_id, rest_id, cust_id, score) values (166, 8, 6, 4);
insert into RestaurantRating (rating_id, rest_id, cust_id, score) values (167, 52, 4, 2);
insert into RestaurantRating (rating_id, rest_id, cust_id, score) values (168, 43, 11, 1);
insert into RestaurantRating (rating_id, rest_id, cust_id, score) values (169, 27, 22, 1);
insert into RestaurantRating (rating_id, rest_id, cust_id, score) values (170, 40, 13, 5);
insert into RestaurantRating (rating_id, rest_id, cust_id, score) values (171, 60, 25, 5);
insert into RestaurantRating (rating_id, rest_id, cust_id, score) values (172, 52, 9, 1);
insert into RestaurantRating (rating_id, rest_id, cust_id, score) values (173, 28, 20, 1);
insert into RestaurantRating (rating_id, rest_id, cust_id, score) values (174, 50, 14, 1);
insert into RestaurantRating (rating_id, rest_id, cust_id, score) values (175, 47, 4, 5);

create table OrderLine (
	order_line_id INT AUTO_INCREMENT PRIMARY KEY,
	order_id INT NOT NULL,
	menu_item_id INT NOT NULL,
	item_price DECIMAL(5,2) NOT NULL,
	quantity INT NOT NULL,
	FOREIGN KEY (order_id) REFERENCES FoodOrder(order_id),
	FOREIGN KEY (menu_item_id) REFERENCES MenuItem(item_id)
);

insert into OrderLine (order_line_id, order_id, menu_item_id, item_price, quantity) values (1, 25, 247, 869.88, 6);
insert into OrderLine (order_line_id, order_id, menu_item_id, item_price, quantity) values (2, 129, 141, 338.48, 1);
insert into OrderLine (order_line_id, order_id, menu_item_id, item_price, quantity) values (3, 108, 269, 982.67, 11);
insert into OrderLine (order_line_id, order_id, menu_item_id, item_price, quantity) values (4, 103, 195, 509.1, 2);
insert into OrderLine (order_line_id, order_id, menu_item_id, item_price, quantity) values (5, 68, 62, 884.26, 15);
insert into OrderLine (order_line_id, order_id, menu_item_id, item_price, quantity) values (6, 44, 88, 417.57, 10);
insert into OrderLine (order_line_id, order_id, menu_item_id, item_price, quantity) values (7, 119, 1, 886.18, 7);
insert into OrderLine (order_line_id, order_id, menu_item_id, item_price, quantity) values (8, 125, 157, 343.28, 1);
insert into OrderLine (order_line_id, order_id, menu_item_id, item_price, quantity) values (9, 58, 214, 72.21, 3);
insert into OrderLine (order_line_id, order_id, menu_item_id, item_price, quantity) values (10, 92, 230, 864.0, 7);
insert into OrderLine (order_line_id, order_id, menu_item_id, item_price, quantity) values (11, 108, 199, 382.13, 15);
insert into OrderLine (order_line_id, order_id, menu_item_id, item_price, quantity) values (12, 82, 200, 176.5, 18);
insert into OrderLine (order_line_id, order_id, menu_item_id, item_price, quantity) values (13, 23, 170, 959.9, 10);
insert into OrderLine (order_line_id, order_id, menu_item_id, item_price, quantity) values (14, 133, 148, 465.35, 9);
insert into OrderLine (order_line_id, order_id, menu_item_id, item_price, quantity) values (15, 114, 282, 794.95, 4);
insert into OrderLine (order_line_id, order_id, menu_item_id, item_price, quantity) values (16, 98, 100, 517.68, 15);
insert into OrderLine (order_line_id, order_id, menu_item_id, item_price, quantity) values (17, 131, 205, 990.59, 6);
insert into OrderLine (order_line_id, order_id, menu_item_id, item_price, quantity) values (18, 12, 257, 18.32, 4);
insert into OrderLine (order_line_id, order_id, menu_item_id, item_price, quantity) values (19, 17, 244, 420.04, 15);
insert into OrderLine (order_line_id, order_id, menu_item_id, item_price, quantity) values (20, 35, 7, 909.64, 10);
insert into OrderLine (order_line_id, order_id, menu_item_id, item_price, quantity) values (21, 61, 246, 753.28, 2);
insert into OrderLine (order_line_id, order_id, menu_item_id, item_price, quantity) values (22, 55, 151, 565.16, 8);
insert into OrderLine (order_line_id, order_id, menu_item_id, item_price, quantity) values (23, 56, 70, 907.67, 17);
insert into OrderLine (order_line_id, order_id, menu_item_id, item_price, quantity) values (24, 32, 171, 781.67, 20);
insert into OrderLine (order_line_id, order_id, menu_item_id, item_price, quantity) values (25, 101, 260, 439.97, 15);
insert into OrderLine (order_line_id, order_id, menu_item_id, item_price, quantity) values (26, 109, 294, 660.74, 16);
insert into OrderLine (order_line_id, order_id, menu_item_id, item_price, quantity) values (27, 132, 236, 754.79, 2);
insert into OrderLine (order_line_id, order_id, menu_item_id, item_price, quantity) values (28, 31, 21, 251.81, 8);
insert into OrderLine (order_line_id, order_id, menu_item_id, item_price, quantity) values (29, 125, 83, 336.21, 15);
insert into OrderLine (order_line_id, order_id, menu_item_id, item_price, quantity) values (30, 92, 285, 958.03, 19);
insert into OrderLine (order_line_id, order_id, menu_item_id, item_price, quantity) values (31, 133, 108, 635.81, 4);
insert into OrderLine (order_line_id, order_id, menu_item_id, item_price, quantity) values (32, 45, 3, 976.84, 9);
insert into OrderLine (order_line_id, order_id, menu_item_id, item_price, quantity) values (33, 53, 207, 574.68, 2);
insert into OrderLine (order_line_id, order_id, menu_item_id, item_price, quantity) values (34, 78, 15, 850.61, 9);
insert into OrderLine (order_line_id, order_id, menu_item_id, item_price, quantity) values (35, 131, 92, 761.42, 20);
insert into OrderLine (order_line_id, order_id, menu_item_id, item_price, quantity) values (36, 126, 249, 716.17, 7);
insert into OrderLine (order_line_id, order_id, menu_item_id, item_price, quantity) values (37, 75, 15, 250.83, 6);
insert into OrderLine (order_line_id, order_id, menu_item_id, item_price, quantity) values (38, 97, 125, 229.33, 11);
insert into OrderLine (order_line_id, order_id, menu_item_id, item_price, quantity) values (39, 124, 242, 71.37, 9);
insert into OrderLine (order_line_id, order_id, menu_item_id, item_price, quantity) values (40, 71, 97, 932.25, 12);
insert into OrderLine (order_line_id, order_id, menu_item_id, item_price, quantity) values (41, 101, 270, 329.86, 17);
insert into OrderLine (order_line_id, order_id, menu_item_id, item_price, quantity) values (42, 18, 249, 127.03, 12);
insert into OrderLine (order_line_id, order_id, menu_item_id, item_price, quantity) values (43, 107, 147, 644.55, 19);
insert into OrderLine (order_line_id, order_id, menu_item_id, item_price, quantity) values (44, 46, 159, 614.89, 4);
insert into OrderLine (order_line_id, order_id, menu_item_id, item_price, quantity) values (45, 92, 80, 959.77, 5);
insert into OrderLine (order_line_id, order_id, menu_item_id, item_price, quantity) values (46, 65, 257, 138.44, 7);
insert into OrderLine (order_line_id, order_id, menu_item_id, item_price, quantity) values (47, 48, 27, 452.6, 12);
insert into OrderLine (order_line_id, order_id, menu_item_id, item_price, quantity) values (48, 40, 135, 685.19, 2);
insert into OrderLine (order_line_id, order_id, menu_item_id, item_price, quantity) values (49, 63, 81, 869.33, 16);
insert into OrderLine (order_line_id, order_id, menu_item_id, item_price, quantity) values (50, 86, 236, 246.57, 17);
insert into OrderLine (order_line_id, order_id, menu_item_id, item_price, quantity) values (51, 54, 116, 887.87, 2);
insert into OrderLine (order_line_id, order_id, menu_item_id, item_price, quantity) values (52, 7, 223, 68.2, 10);
insert into OrderLine (order_line_id, order_id, menu_item_id, item_price, quantity) values (53, 64, 84, 797.21, 18);
insert into OrderLine (order_line_id, order_id, menu_item_id, item_price, quantity) values (54, 30, 124, 971.21, 13);
insert into OrderLine (order_line_id, order_id, menu_item_id, item_price, quantity) values (55, 150, 185, 630.73, 8);
insert into OrderLine (order_line_id, order_id, menu_item_id, item_price, quantity) values (56, 54, 101, 144.13, 9);
insert into OrderLine (order_line_id, order_id, menu_item_id, item_price, quantity) values (57, 51, 231, 583.48, 2);
insert into OrderLine (order_line_id, order_id, menu_item_id, item_price, quantity) values (58, 119, 179, 841.04, 5);
insert into OrderLine (order_line_id, order_id, menu_item_id, item_price, quantity) values (59, 127, 207, 938.45, 7);
insert into OrderLine (order_line_id, order_id, menu_item_id, item_price, quantity) values (60, 30, 67, 209.34, 5);
insert into OrderLine (order_line_id, order_id, menu_item_id, item_price, quantity) values (61, 121, 165, 283.91, 1);
insert into OrderLine (order_line_id, order_id, menu_item_id, item_price, quantity) values (62, 147, 279, 891.01, 15);
insert into OrderLine (order_line_id, order_id, menu_item_id, item_price, quantity) values (63, 95, 272, 360.84, 4);
insert into OrderLine (order_line_id, order_id, menu_item_id, item_price, quantity) values (64, 113, 112, 12.96, 19);
insert into OrderLine (order_line_id, order_id, menu_item_id, item_price, quantity) values (65, 1, 102, 780.27, 8);
insert into OrderLine (order_line_id, order_id, menu_item_id, item_price, quantity) values (66, 105, 226, 974.36, 10);
insert into OrderLine (order_line_id, order_id, menu_item_id, item_price, quantity) values (67, 85, 216, 548.5, 7);
insert into OrderLine (order_line_id, order_id, menu_item_id, item_price, quantity) values (68, 104, 40, 45.72, 5);
insert into OrderLine (order_line_id, order_id, menu_item_id, item_price, quantity) values (69, 52, 88, 766.57, 6);
insert into OrderLine (order_line_id, order_id, menu_item_id, item_price, quantity) values (70, 131, 41, 185.11, 7);
insert into OrderLine (order_line_id, order_id, menu_item_id, item_price, quantity) values (71, 104, 260, 882.99, 7);
insert into OrderLine (order_line_id, order_id, menu_item_id, item_price, quantity) values (72, 71, 142, 808.95, 6);
insert into OrderLine (order_line_id, order_id, menu_item_id, item_price, quantity) values (73, 73, 274, 570.15, 1);
insert into OrderLine (order_line_id, order_id, menu_item_id, item_price, quantity) values (74, 74, 111, 19.37, 16);
insert into OrderLine (order_line_id, order_id, menu_item_id, item_price, quantity) values (75, 51, 57, 474.36, 15);
insert into OrderLine (order_line_id, order_id, menu_item_id, item_price, quantity) values (76, 69, 95, 674.17, 5);
insert into OrderLine (order_line_id, order_id, menu_item_id, item_price, quantity) values (77, 140, 85, 392.22, 9);
insert into OrderLine (order_line_id, order_id, menu_item_id, item_price, quantity) values (78, 2, 200, 375.68, 7);
insert into OrderLine (order_line_id, order_id, menu_item_id, item_price, quantity) values (79, 78, 43, 781.2, 10);
insert into OrderLine (order_line_id, order_id, menu_item_id, item_price, quantity) values (80, 9, 280, 995.13, 20);
insert into OrderLine (order_line_id, order_id, menu_item_id, item_price, quantity) values (81, 135, 212, 8.34, 17);
insert into OrderLine (order_line_id, order_id, menu_item_id, item_price, quantity) values (82, 65, 287, 865.67, 12);
insert into OrderLine (order_line_id, order_id, menu_item_id, item_price, quantity) values (83, 132, 186, 323.6, 7);
insert into OrderLine (order_line_id, order_id, menu_item_id, item_price, quantity) values (84, 146, 253, 143.02, 8);
insert into OrderLine (order_line_id, order_id, menu_item_id, item_price, quantity) values (85, 79, 214, 301.75, 5);
insert into OrderLine (order_line_id, order_id, menu_item_id, item_price, quantity) values (86, 34, 31, 475.37, 17);
insert into OrderLine (order_line_id, order_id, menu_item_id, item_price, quantity) values (87, 147, 44, 726.32, 9);
insert into OrderLine (order_line_id, order_id, menu_item_id, item_price, quantity) values (88, 77, 99, 950.0, 1);
insert into OrderLine (order_line_id, order_id, menu_item_id, item_price, quantity) values (89, 147, 192, 562.76, 7);
insert into OrderLine (order_line_id, order_id, menu_item_id, item_price, quantity) values (90, 19, 18, 854.94, 3);
insert into OrderLine (order_line_id, order_id, menu_item_id, item_price, quantity) values (91, 65, 221, 556.05, 16);
insert into OrderLine (order_line_id, order_id, menu_item_id, item_price, quantity) values (92, 125, 100, 780.2, 13);
insert into OrderLine (order_line_id, order_id, menu_item_id, item_price, quantity) values (93, 133, 70, 942.9, 6);
insert into OrderLine (order_line_id, order_id, menu_item_id, item_price, quantity) values (94, 19, 279, 955.37, 18);
insert into OrderLine (order_line_id, order_id, menu_item_id, item_price, quantity) values (95, 142, 84, 564.82, 5);
insert into OrderLine (order_line_id, order_id, menu_item_id, item_price, quantity) values (96, 125, 164, 415.62, 7);
insert into OrderLine (order_line_id, order_id, menu_item_id, item_price, quantity) values (97, 44, 243, 844.31, 2);
insert into OrderLine (order_line_id, order_id, menu_item_id, item_price, quantity) values (98, 53, 254, 213.36, 17);
insert into OrderLine (order_line_id, order_id, menu_item_id, item_price, quantity) values (99, 41, 59, 457.15, 20);
insert into OrderLine (order_line_id, order_id, menu_item_id, item_price, quantity) values (100, 89, 163, 571.74, 12);
insert into OrderLine (order_line_id, order_id, menu_item_id, item_price, quantity) values (101, 16, 217, 848.11, 2);
insert into OrderLine (order_line_id, order_id, menu_item_id, item_price, quantity) values (102, 96, 19, 52.88, 10);
insert into OrderLine (order_line_id, order_id, menu_item_id, item_price, quantity) values (103, 30, 68, 774.26, 8);
insert into OrderLine (order_line_id, order_id, menu_item_id, item_price, quantity) values (104, 75, 49, 519.95, 17);
insert into OrderLine (order_line_id, order_id, menu_item_id, item_price, quantity) values (105, 15, 254, 718.06, 8);
insert into OrderLine (order_line_id, order_id, menu_item_id, item_price, quantity) values (106, 10, 74, 502.25, 8);
insert into OrderLine (order_line_id, order_id, menu_item_id, item_price, quantity) values (107, 47, 189, 349.41, 3);
insert into OrderLine (order_line_id, order_id, menu_item_id, item_price, quantity) values (108, 5, 251, 356.58, 11);
insert into OrderLine (order_line_id, order_id, menu_item_id, item_price, quantity) values (109, 78, 10, 404.02, 18);
insert into OrderLine (order_line_id, order_id, menu_item_id, item_price, quantity) values (110, 125, 169, 335.13, 6);
insert into OrderLine (order_line_id, order_id, menu_item_id, item_price, quantity) values (111, 39, 167, 524.4, 6);
insert into OrderLine (order_line_id, order_id, menu_item_id, item_price, quantity) values (112, 88, 297, 671.35, 16);
insert into OrderLine (order_line_id, order_id, menu_item_id, item_price, quantity) values (113, 21, 118, 211.74, 5);
insert into OrderLine (order_line_id, order_id, menu_item_id, item_price, quantity) values (114, 65, 269, 494.43, 2);
insert into OrderLine (order_line_id, order_id, menu_item_id, item_price, quantity) values (115, 118, 286, 862.49, 19);
insert into OrderLine (order_line_id, order_id, menu_item_id, item_price, quantity) values (116, 13, 8, 579.21, 1);
insert into OrderLine (order_line_id, order_id, menu_item_id, item_price, quantity) values (117, 61, 276, 793.39, 3);
insert into OrderLine (order_line_id, order_id, menu_item_id, item_price, quantity) values (118, 94, 201, 215.51, 10);
insert into OrderLine (order_line_id, order_id, menu_item_id, item_price, quantity) values (119, 149, 300, 176.86, 13);
insert into OrderLine (order_line_id, order_id, menu_item_id, item_price, quantity) values (120, 54, 184, 261.88, 5);
insert into OrderLine (order_line_id, order_id, menu_item_id, item_price, quantity) values (121, 44, 238, 235.24, 15);
insert into OrderLine (order_line_id, order_id, menu_item_id, item_price, quantity) values (122, 19, 210, 192.56, 14);
insert into OrderLine (order_line_id, order_id, menu_item_id, item_price, quantity) values (123, 30, 233, 933.57, 8);
insert into OrderLine (order_line_id, order_id, menu_item_id, item_price, quantity) values (124, 149, 179, 281.32, 1);
insert into OrderLine (order_line_id, order_id, menu_item_id, item_price, quantity) values (125, 134, 81, 289.58, 8);
insert into OrderLine (order_line_id, order_id, menu_item_id, item_price, quantity) values (126, 90, 114, 722.39, 8);
insert into OrderLine (order_line_id, order_id, menu_item_id, item_price, quantity) values (127, 33, 186, 270.38, 19);
insert into OrderLine (order_line_id, order_id, menu_item_id, item_price, quantity) values (128, 45, 179, 519.26, 12);
insert into OrderLine (order_line_id, order_id, menu_item_id, item_price, quantity) values (129, 46, 93, 873.99, 13);
insert into OrderLine (order_line_id, order_id, menu_item_id, item_price, quantity) values (130, 98, 209, 78.28, 20);
insert into OrderLine (order_line_id, order_id, menu_item_id, item_price, quantity) values (131, 131, 51, 435.33, 20);
insert into OrderLine (order_line_id, order_id, menu_item_id, item_price, quantity) values (132, 101, 114, 469.4, 7);
insert into OrderLine (order_line_id, order_id, menu_item_id, item_price, quantity) values (133, 12, 66, 343.6, 8);
insert into OrderLine (order_line_id, order_id, menu_item_id, item_price, quantity) values (134, 111, 70, 537.13, 2);
insert into OrderLine (order_line_id, order_id, menu_item_id, item_price, quantity) values (135, 22, 92, 64.81, 10);
insert into OrderLine (order_line_id, order_id, menu_item_id, item_price, quantity) values (136, 51, 221, 608.82, 5);
insert into OrderLine (order_line_id, order_id, menu_item_id, item_price, quantity) values (137, 111, 131, 113.82, 12);
insert into OrderLine (order_line_id, order_id, menu_item_id, item_price, quantity) values (138, 23, 124, 329.67, 5);
insert into OrderLine (order_line_id, order_id, menu_item_id, item_price, quantity) values (139, 147, 76, 547.72, 4);
insert into OrderLine (order_line_id, order_id, menu_item_id, item_price, quantity) values (140, 61, 100, 211.67, 10);
insert into OrderLine (order_line_id, order_id, menu_item_id, item_price, quantity) values (141, 97, 253, 903.27, 10);
insert into OrderLine (order_line_id, order_id, menu_item_id, item_price, quantity) values (142, 150, 144, 749.69, 12);
insert into OrderLine (order_line_id, order_id, menu_item_id, item_price, quantity) values (143, 11, 79, 722.07, 1);
insert into OrderLine (order_line_id, order_id, menu_item_id, item_price, quantity) values (144, 49, 111, 347.55, 13);
insert into OrderLine (order_line_id, order_id, menu_item_id, item_price, quantity) values (145, 110, 266, 704.8, 4);
insert into OrderLine (order_line_id, order_id, menu_item_id, item_price, quantity) values (146, 22, 252, 801.19, 14);
insert into OrderLine (order_line_id, order_id, menu_item_id, item_price, quantity) values (147, 125, 188, 672.62, 14);
insert into OrderLine (order_line_id, order_id, menu_item_id, item_price, quantity) values (148, 48, 15, 924.17, 14);
insert into OrderLine (order_line_id, order_id, menu_item_id, item_price, quantity) values (149, 10, 84, 105.35, 1);
insert into OrderLine (order_line_id, order_id, menu_item_id, item_price, quantity) values (150, 94, 67, 859.92, 1);
insert into OrderLine (order_line_id, order_id, menu_item_id, item_price, quantity) values (151, 122, 133, 464.83, 3);
insert into OrderLine (order_line_id, order_id, menu_item_id, item_price, quantity) values (152, 61, 272, 376.9, 7);
insert into OrderLine (order_line_id, order_id, menu_item_id, item_price, quantity) values (153, 109, 51, 950.59, 12);
insert into OrderLine (order_line_id, order_id, menu_item_id, item_price, quantity) values (154, 52, 200, 928.1, 2);
insert into OrderLine (order_line_id, order_id, menu_item_id, item_price, quantity) values (155, 116, 198, 277.22, 14);
insert into OrderLine (order_line_id, order_id, menu_item_id, item_price, quantity) values (156, 23, 199, 848.46, 10);
insert into OrderLine (order_line_id, order_id, menu_item_id, item_price, quantity) values (157, 49, 193, 950.08, 9);
insert into OrderLine (order_line_id, order_id, menu_item_id, item_price, quantity) values (158, 150, 214, 296.68, 14);
insert into OrderLine (order_line_id, order_id, menu_item_id, item_price, quantity) values (159, 103, 11, 865.49, 11);
insert into OrderLine (order_line_id, order_id, menu_item_id, item_price, quantity) values (160, 32, 109, 844.4, 3);
insert into OrderLine (order_line_id, order_id, menu_item_id, item_price, quantity) values (161, 55, 272, 564.3, 5);
insert into OrderLine (order_line_id, order_id, menu_item_id, item_price, quantity) values (162, 94, 108, 249.7, 6);
insert into OrderLine (order_line_id, order_id, menu_item_id, item_price, quantity) values (163, 106, 60, 978.92, 17);
insert into OrderLine (order_line_id, order_id, menu_item_id, item_price, quantity) values (164, 13, 118, 240.04, 15);
insert into OrderLine (order_line_id, order_id, menu_item_id, item_price, quantity) values (165, 56, 177, 411.97, 2);
insert into OrderLine (order_line_id, order_id, menu_item_id, item_price, quantity) values (166, 61, 138, 628.94, 14);
insert into OrderLine (order_line_id, order_id, menu_item_id, item_price, quantity) values (167, 105, 82, 89.24, 4);
insert into OrderLine (order_line_id, order_id, menu_item_id, item_price, quantity) values (168, 18, 20, 761.44, 10);
insert into OrderLine (order_line_id, order_id, menu_item_id, item_price, quantity) values (169, 133, 102, 105.2, 8);
insert into OrderLine (order_line_id, order_id, menu_item_id, item_price, quantity) values (170, 100, 170, 964.05, 17);
insert into OrderLine (order_line_id, order_id, menu_item_id, item_price, quantity) values (171, 6, 210, 835.3, 16);
insert into OrderLine (order_line_id, order_id, menu_item_id, item_price, quantity) values (172, 119, 87, 985.9, 7);
insert into OrderLine (order_line_id, order_id, menu_item_id, item_price, quantity) values (173, 146, 153, 87.58, 2);
insert into OrderLine (order_line_id, order_id, menu_item_id, item_price, quantity) values (174, 50, 95, 509.1, 13);
insert into OrderLine (order_line_id, order_id, menu_item_id, item_price, quantity) values (175, 16, 280, 560.77, 13);

